Ticker,MMBuy,MMSell,AI1-Average,AI1-AskAmt,AI1-AskPrice,AI1-AskAvail,AI1-BidAmt,AI1-BidPrice,AI1-BidAvail,CI1-Average,CI1-AskAmt,CI1-AskPrice,CI1-AskAvail,CI1-BidAmt,CI1-BidPrice,CI1-BidAvail,CI2-Average,CI2-AskAmt,CI2-AskPrice,CI2-AskAvail,CI2-BidAmt,CI2-BidPrice,CI2-BidAvail,NC1-Average,NC1-AskAmt,NC1-AskPrice,NC1-AskAvail,NC1-BidAmt,NC1-BidPrice,NC1-BidAvail,NC2-Average,NC2-AskAmt,NC2-AskPrice,NC2-AskAvail,NC2-BidAmt,NC2-BidPrice,NC2-BidAvail,IC1-Average,IC1-AskAmt,IC1-AskPrice,IC1-AskAvail,IC1-BidAmt,IC1-BidPrice,IC1-BidAvail
AAR,,,20000,1,20000,325,66,18000,306,30000,41,30000,50,,,0,20000,,,0,,,0,17901.240234375,149,20000,299,7,17000,248,6777.080078125,3,16200,3,,,0,29775,7,32400,33,1,17500,21
ABH,,,56000,1,56000,1360,2,53000,1005,52000,195,58900,1186,20,52000,107,53000,10,55000,10,,,0,51800,18,51800,824,200,50000,1145,24111.880859375,27,65000,27,,,0,55266.671875,79,55100,896,300,50000,364
ACS,,,152535.8125,48,159000,49,10,140000,10,160000,3,160000,90,10,155000,42,74706.546875,,,0,,,0,160000,4,160000,30,10,150000,10,124000,,,0,,,0,159000,18,159000,20,1,151000,5
ADE,,,60841.890625,12,60700,645,2,51000,1283,38000,13,58900,977,46,38000,107,47000,,,0,,,0,59000,57,59000,527,144,50100,688,21239.529296875,26,60000,26,,,0,63000,21,62900,62,25,45500,1047
ADR,70000,,71300,5,125000,55,46,71300,166,110000,14,110000,108,2,90000,152,60000,,,0,,,0,82111.859375,17,100000,67,100,70000,110,29140.779296875,,,0,,,0,90000,1,90000,13,50,72200,180
ADS,,,134524.390625,2,139000,73,2,116000,19,146477.046875,4,160000,4,9,104000,22,250000,,,0,,,0,139000,1,139000,34,9,113000,22,55163.26953125,1,128000,1,,,0,150000,8,150000,117,3,125000,24
AEF,,,5200,18,6220,3758,189,5200,1689,6690,11,6670,1330,185,5500,925,40,76,9000,228,,,0,7890.6298828125,226,9000,1613,478,5600,771,10000,10,10000,384,,,0,4934.52001953125,6,5960,1751,111,4250,2927
AEN,,,2240000,1,2150000,4,,,0,2120000,1,2110000,9,,,0,990267,,,0,,,0,2290000,1,2270000,2,2,1200000,4,990267,,,0,,,0,2600000,1,2700000,1,,,0
AFP,,,30000,,,0,,,0,30000,,,0,,,0,134412.703125,,,0,,,0,30000,,,0,16,40000,16,134412.703125,,,0,,,0,35000,,,0,3,35000,3
AFR,,,27000,1,27500,26,100,22000,277,22344.400390625,15,24500,15,26,20500,228,9504.2998046875,,,0,,,0,21000,,,0,10,18000,30,9504.2998046875,,,0,,,0,22500,,,0,3,22500,36
AGS,,,490000,1,490000,5,,,0,480000,4,535000,5,,,0,500000,,,0,,,0,795000,6,750000,7,2,450000,2,222767.28125,,,0,,,0,799000,1,799000,2,,,0
AHP,,,11762.8203125,200,12000,1600,,,0,14500,24,14900,145,,,0,5713.72021484375,,,0,,,0,9510,16,16000,2737,2,9510,201,5713.72021484375,,,0,,,0,20000,,,0,,,0
AIR,200000,,200000,83,201000,84,100,200000,100,200000,9,201000,550,100,200000,100,91179.59375,,,0,,,0,200000,2,201000,261,100,200000,100,91179.59375,,,0,,,0,200000,26,210000,30,100,200000,100
AL,,,1500,150,1550,39036,1064,1480,52761,1790,2431,1800,15607,1000,1600,24402,1100,43,1350,10925,2000,1150,10867,1647.6700439453125,1000,1630,55627,42,1500,25499,1000,1500,1000,10439,,,0,1590,1998,1590,32881,20,1460,7786
ALE,,,1400,307,1400,56565,666,1320,5666,1400,80,1400,11776,1000,1340,1752,1700,640,1700,840,,,0,1460,208,1460,42590,623,1330,7557,1490,1591,1490,1980,50,1200,64,1300,61,1300,26351,2,1250,4657
ALG,80,,307,226,307,50467,7844,280,18609,270,708,343,27779,612,270,2358,350,1467,350,1787,,,0,317.4800109863281,3,329,21809,1240,256,3627,316,1000,300,1000,1000,200,1000,309,185,309,24095,9,262,5303
ALO,42,,222,1042,240,142981,2784,222,85393,215,3325,347,39466,115,215,16191,279.1400146484375,888,400,29601,347,183,10695,244.89999389648438,57,330,116879,360,241,33629,269.7799987792969,1700,290,1700,1000,210,2000,231,10914,291,61235,4925,231,44028
ALR,,,1757.800048828125,300,3000,301,120,700,250,2500,110,3000,4169,657,2500,657,1345.4100341796875,,,0,,,0,1296.02001953125,1192,3150,7933,736,1110,1236,1345.4100341796875,,,0,,,0,3690,455,3690,2964,500,1000,500
AMM,61,,144,569,144,66825,746,120,8040,125,500,143,95278,2355,125,135819,135,5477,135,5477,2000,100,2000,200,4744,200,60722,100,140,48167,160,700,160,700,200,140,5985,190,4750,180,56729,215,143,31352
ANZ,,,73626.7109375,1,125000,1,,,0,73626.7109375,1,120000,1,,,0,73626.7109375,,,0,,,0,73626.7109375,,,0,,,0,70600.546875,,,0,,,0,73626.7109375,,,0,,,0
APT,,,13982.5400390625,50,13900,1651,,,0,19500,500,19300,750,,,0,6945.83984375,,,0,,,0,16500,400,16500,512,,,0,6945.83984375,,,0,,,0,2000,,,0,,,0
AR,83,,524.5800170898438,936,525,37197,471,510,33232,656,265,656,14910,150,522,15862,450,,,0,1000,350,2000,459.739990234375,5338,520,26129,1000,350,11393,700,226,700,2976,400,320,900,531,685,529,43109,200,510,1709
ARP,,,10000,4,9500,103,,,0,10000,5,10000,5,,,0,4648.6201171875,,,0,,,0,8442.330078125,7,8500,10,,,0,4648.6201171875,,,0,,,0,13000,,,0,,,0
ASE,,,48500.3203125,31,52900,1619,163,48100,806,42600,4,51400,1392,9,42600,335,55000,17,55000,17,10,33000,10,48000,20,47900,2351,135,45300,497,60000,16,60000,16,,,0,53800,28,53700,1307,259,46000,465
AST,,,3090,602,3100,6630,1000,2210,2965,3354.89990234375,60,3660,6422,120,3000,620,1776.4000244140625,100,10000,100,,,0,3628.60009765625,200,3690,9111,98,3200,2471,2000,100,4740,100,,,0,3600,53,3600,2877,100,1500,100
ATA,,,31000,25,36300,159,57,31000,961,22000,27,33400,270,8,22000,361,28000,,,0,,,0,27976.890625,22,28000,1000,113,27000,999,38000,24,38000,24,,,0,32000,14,32000,235,2,26600,138
ATP,,,50000,5,50000,48,2,41000,2,30000,100,49000,200,,,0,12377.2998046875,,,0,,,0,40000,,,0,50,40000,50,12377.2998046875,,,0,,,0,25000,,,0,40,27200,40
AU,,,2700,66,2990,7359,835,2700,5374,3190,300,3190,2127,200,2800,4030,2200,,,0,,,0,2110,25,2320,10745,74,2110,3309,998,51,2000,51,,,0,2140,155,3440,3580,985,2140,1203
AUO,137,,500,150,595,30918,13,485,9661,723.0599975585938,74,888,194,1000,300,4948,300,295,250,1295,,,0,430,2443,429,54407,74,370,8602,280,,,0,,,0,430,2970,430,21372,1000,355,6945
AWF,,,5700,7,5700,21,25,4500,114,5680,15,5680,463,20,4000,20,2951.989990234375,,,0,,,0,8000,97,8000,328,49,5000,119,2951.989990234375,5,5950,5,,,0,7400,9,7400,36,,,0
AWH,,,18849.310546875,43,18900,733,,,0,15800,130,24000,140,270,15800,370,8430.919921875,,,0,,,0,20000,12,20000,94,90,13600,272,8430.919921875,,,0,,,0,25000,,,0,,,0
BAC,,,3490,381,3490,1663,500,3100,2020,3150,1013,3150,1763,500,2800,1600,1280.9100341796875,,,0,,,0,3292.919921875,157,3300,1512,500,2600,4278,2250,,,0,,,0,3452.719970703125,,,0,730,2200,1730
BAI,,,15442.41015625,500,16500,2248,304,14700,304,14359.16015625,50,15700,406,20,7100,20,6821.509765625,,,0,,,0,16800,5,16800,296,500,14500,500,6821.509765625,,,0,,,0,16300,11,16300,40,100,10000,100
BBH,758,2930,2930,100,2930,7811,588,2880,3961,2870,2,2870,16676,4,2850,1602,2876.68994140625,104,2900,104,164,2800,216,2900,5,2900,9105,626,2890,4429,3000,353,3000,1879,102,2000,102,2930,100,2930,16683,65,2890,1286
BCO,,,850,4442,850,26674,2000,711,14419,851,180,851,15022,140,710,8600,660,400,1000,400,200,780,200,710,1440,740,34770,750,710,22813,640,,,0,,,0,776,329,776,9313,360,701,5806
BDE,859,2730,2726.780029296875,100,2730,4382,754,2650,3216,2050,25,2050,4105,54,2010,613,2800,149,2800,149,10,879,30,2690,13,2690,5646,57,2650,7159,2800,353,2800,408,75,1800,75,2730,100,2730,600,797,2660,2926
BE,,,2170.530029296875,368,2250,13690,980,1960,7965,2415.81005859375,413,2490,2062,230,1900,2913,2900,100,3000,100,,,0,2500,61,2490,10005,2,2050,10017,1700,18,1700,18,,,0,3420.9599609375,6,4000,73,22,2000,2642
BEA,84,,301,7964,350,20546,23,301,23152,348,448,348,14453,10,312,12447,250,,,0,,,0,302,782,499,2090,338,302,19648,250,16,400,16,757,250,757,491.44000244140625,116,500,558,267,302,28596
BER,,,800,136,800,26304,2000,465,26995,870.3300170898438,11,864,7887,4000,400,13053,400,1000,10000,2000,,,0,1200,364,1200,11947,500,550,17823,117.55000305175781,50,551,50,,,0,798.530029296875,117,800,2146,2000,326,4000
BFP,,,26000,8,25000,8,,,0,25000,,,0,,,0,20233.01953125,,,0,,,0,24000,,,0,,,0,20224.419921875,,,0,,,0,25000,,,0,,,0
BFR,,,5500,11,6000,21,78,4500,78,7017.89013671875,76,8000,113,98,7200,424,2515.4599609375,,,0,,,0,8000,6,8500,6,19,5000,243,2515.4599609375,,,0,,,0,4000,17,7000,17,46,4000,46
BGC,,,750,2731,750,6856,3000,700,5000,778.9600219726562,1000,799,5045,1000,700,3457,600,,,0,,,0,739,323,739,8299,2980,700,19026,500,200,650,200,,,0,737,4974,737,12048,962,700,1773
BGO,,,2855.6201171875,80,3310,12638,185,2840,4375,4490,96,4490,2812,100,3700,2699,2000,70,3000,70,,,0,3180,5,3180,6424,103,2920,5468,2100,70,2800,167,3,2100,100,3290,128,3290,4088,171,2100,526
BGS,,,214000,1,214000,9,1,100000,3,228000,4,216000,5,,,0,87625.203125,,,0,,,0,250000,1,219000,2,,,0,87625.203125,,,0,,,0,219000,1,219000,19,,,0
BHP,,,5790,6,5790,1175,20,5100,1855,5790,20,5790,1003,6,5010,1057,1500,,,0,,,0,5500,906,5500,11174,46,5260,3611,5000,31,5000,262,,,0,6340,15,6340,951,30,4710,398
BID,,,70000,24,69900,238,,,0,80000,51,80000,51,,,0,24575.119140625,,,0,,,0,55000,3,70000,253,,,0,24575.119140625,49,70000,49,,,0,80000,7,80000,13,,,0
BL,,,6780,38,6780,818,490,6000,944,7950,14,7950,215,26,5000,26,4500,,,0,,,0,7291.490234375,6,8490,505,140,4360,402,2986.699951171875,10,7500,10,,,0,6880,78,6880,423,15,6600,31
BLE,,,2990,100,2980,2162,95,1750,595,2250,34,2250,2316,33,1000,33,1804.3399658203125,,,0,,,0,2090,188,2090,3353,253,1400,1391,1804.3399658203125,10,2300,10,,,0,2200,60,2190,752,5,220,5
BMF,,,32900,9,32900,596,112,28000,612,33500,30,33400,417,226,28000,226,10946.0302734375,,,0,5,22000,5,31000,284,31000,614,1,28100,174,60000,29,60000,29,,,0,32309.66015625,8,32500,393,1,20000,1
BND,,,230,122,230,123,,,0,325,75,325,75,,,0,270.1499938964844,,,0,,,0,323,,,0,10,150,10,500,,,0,,,0,155,,,0,,,0
BOR,,,175,284,449,22664,496,175,4996,307.3699951171875,750,319,4223,500,231,3269,300,,,0,300,225,300,350,3361,350,46526,333,256,10786,350,100,280,512,50,130,250,800,1076,800,1076,20,230,2021
BOS,,,7357.18017578125,827,7990,2563,167,3900,614,4100,32,5700,32,168,4100,956,3250,,,0,,,0,5991.7099609375,65,5980,667,500,4510,4540,4350,,,0,,,0,4950,37,7000,37,20,3800,570
BPT,,,9290.400390625,3,14000,115,,,0,4380,,,0,,,0,2208.169921875,,,0,,,0,10000,546,10000,1642,,,0,2208.169921875,,,0,,,0,9000,34,9000,68,,,0
BR1,,,818259.9375,1,750000,47,1,700000,1,963000,1,964000,8,2,680000,4,1300000,,,0,,,0,895000,2,899000,8,1,500000,1,254764.78125,,,0,,,0,1027482.6875,1,1300000,1,1,450000,1
BR2,,,994000,1,994000,25,1,900000,1,972854.875,1,972000,7,,,0,1300000,,,0,,,0,1030000,1,1050000,7,,,0,341875.34375,,,0,,,0,1170000,1,1180000,2,1,900000,1
BRM,,,255,673,255,26540,2900,205,6260,270.4599914550781,326,317,13519,1844,266,2944,419,780,420,780,200,250,1200,288,385,288,16469,50,191,22230,250,420,250,420,,,0,270,1,500,101,1412,270,3162
BRO,,,3430,508,3410,4713,387,2200,400,4490,390,4490,973,500,2800,828,2500,,,0,,,0,3940,16,3940,951,39,2600,2411,830.0499877929688,,,0,,,0,4000,93,6400,493,25,3000,1087
BRP,,,8000,,,0,,,0,4000,,,0,,,0,2661.340087890625,,,0,,,0,5500,151,7500,151,,,0,2661.340087890625,,,0,,,0,7500,56,7500,56,,,0
BRS,,,450000,1,572000,7,1,400000,4,600000,3,586000,5,,,0,128580.3203125,,,0,,,0,579000,1,579000,2,1,500000,3,128580.3203125,,,0,,,0,590000,1,999000,2,1,500000,7
BSC,,,45152.26953125,48,50800,1170,61,45100,133,54000,142,54000,802,20,45000,20,14494.900390625,,,0,,,0,52000,181,52000,381,,,0,14494.900390625,1,52000,1,,,0,54810.1015625,119,54900,119,,,0
BSE,429,1920,1920,100,1920,85990,1371,1890,13938,1860,5246,1890,94597,4,1860,2014,2000,52,2000,329,3,1600,49,1920,100,1920,49100,539,1850,13649,2000,148,2000,2159,202,1000,202,1920,100,1920,76619,290,1890,3795
BSU,,,556074.875,,,0,,,0,850000,,,0,,,0,556074.875,,,0,,,0,556074.875,,,0,,,0,556074.875,,,0,,,0,556074.875,,,0,,,0
BTA,505,1820,1790,100,1820,100,27,1720,2159,1780,47,1780,1448,7,1700,771,1590,91,1590,291,200,1580,200,1760,26,1760,5623,281,1550,7381,1900,189,1900,1008,10,1800,94,1780,133,1780,770,41,1750,457
BTS,,,527.010009765625,1450,699,34313,100,600,100,768.6900024414062,560,889,5060,400,660,11100,100.3499984741211,820,1000000,1640,,,0,668.5,400,668,26671,300,550,4641,529,,,0,,,0,590,5659,590,11606,,,0
BWH,,,7980,,,0,,,0,9000,19,9000,19,,,0,3005.0400390625,,,0,,,0,8800,10,8800,16,120,3320,193,3005.0400390625,,,0,,,0,7500,381,7500,1381,,,0
BWS,,,27700,4,27700,522,100,25000,200,34886.21875,30,34900,105,,,0,30000,,,0,5,22000,5,28800,36,28800,714,5,23300,314,8600.3701171875,1,23000,1,,,0,30000,29,30000,29,2,25800,32
C,225,,1264.4599609375,1062,1270,107048,174,1160,38495,1200,2570,1200,51191,100,1130,20443,747.9299926757812,888,1150,6073,,,0,1350,10184,1350,59543,14,1300,59571,1000,1255,1100,4689,316,900,1461,1168.18994140625,500,1170,41887,762,1100,51520
CA,,,303.5199890136719,81,758,331,288,300,288,999,45,3500,418,60,300,170,101,,,0,,,0,1125.43994140625,8,1240,352,10,750,3255,991.3400268554688,15,1000,15,,,0,1077.530029296875,51,1400,294,10,750,283
CAF,,,2195.969970703125,61,2000,19056,50,1650,2381,1790,188,1790,21828,5,1700,4079,1000,246,1700,1208,,,0,2070,107,2070,5215,10,1800,7974,1550,,,0,500,1000,500,2000,26,2000,9945,20,1750,2692
CAP,,,284.4100036621094,1910,295,8983,176,250,5625,329,284,328,1966,716,280,716,142.10000610351562,,,0,,,0,331.54998779296875,582,349,18550,4686,275,11888,142.10000610351562,100,500,100,,,0,330,21,330,21,1000,200,2100
CBL,91000,,91832.703125,10,93000,25,30,91200,240,91100,2,100000,2,63,91100,163,91000,,,0,,,0,93606.1171875,10,100000,155,6,91300,279,92000,,,0,,,0,96594.4609375,9,98000,29,6,91200,188
CBM,63000,,64000,18,74900,56,8,64000,128,63479.3984375,10,66900,423,8,64000,118,29533.970703125,,,0,,,0,65137.69921875,59,69900,159,10,63100,110,29533.970703125,5,69900,5,,,0,63100,,,0,50,63100,150
CBS,42000,,42040.41015625,4,42800,561,100,42000,100,43800,29,43800,396,100,42000,100,17919.900390625,2,49000,7,,,0,42315.078125,94,43000,251,30,42100,130,17919.900390625,10,43000,10,,,0,42244.421875,8,48900,58,100,42000,100
CBU,,,480000,10,470000,10,10,420000,50,490000,10,640000,71,10,410000,10,174192.875,,,0,,,0,650000,1,630000,170,10,420000,39,174192.875,,,0,,,0,500000,130,700000,130,10,410000,60
CC,650000,,650000,,,0,100,650000,100,650000,1,700000,1,100,650000,100,331160.125,,,0,,,0,650000,5,750000,5,100,650000,100,331160.125,,,0,,,0,650000,,,0,100,650000,100
CCD,80000,,80000,50,81000,1300,100,80000,100,80000,26,81000,522,100,80000,100,27594.740234375,,,0,,,0,80000,917,80300,1429,100,80000,100,27594.740234375,,,0,,,0,80000,28,84000,41,100,80000,100
CD,,,23900,106,23900,117,100,10000,100,25000,97,25000,97,10,20000,10,7893.7001953125,,,0,,,0,17523.75,10,20000,69,,,0,7893.7001953125,10,13200,10,,,0,25000,,,0,,,0
CF,,,9989.7802734375,1,10100,1587,83,8620,835,9590.33984375,2,10200,767,194,9610,410,5000,26,9000,26,,,0,10108,23,11900,68,100,9010,1664,7850,,,0,,,0,9082.2001953125,55,9000,185,24,8880,1175
CHA,,,98800,18,70000,428,5,35000,138,69000,1,69000,10,5,30000,5,21001.5,,,0,,,0,40000,2,90000,7,5,30000,5,21001.5,,,0,,,0,75000,4,100000,9,5,30000,5
CL,,,4320,57,4320,13855,78,3650,2170,4400,478,4400,22665,12,3860,2584,4440,300,4600,710,180,2300,180,4394.10986328125,37,4190,14827,159,3800,2245,4430,10,4430,164,100,4000,100,4260,134,4500,12020,37,4260,6620
CLI,51,,235.97000122070312,22462,240,75959,742,220,4687,369.7099914550781,456,400,5335,102,220,6683,170,180,250,180,246,170,2246,320,8204,300,14101,120,241,14541,375,1184,299,2687,90,200,90,250,69,250,3100,589,212,5141
COF,,,1040,527,1040,37684,10,1000,18259,930,49,930,60359,8,925,4270,1016.7899780273438,1000,990,2357,,,0,1000,176,1000,53327,14,944,13092,920,1760,925,5304,2998,750,3278,1090,894,1090,18177,16,925,31745
COM,,,134000,31,134000,121,2,125000,22,125416.3828125,10,130000,92,1,116000,61,250000,,,0,,,0,130000,33,130000,147,4,122000,106,116000,,,0,,,0,134000,17,134000,66,10,115000,19
COT,,,3890,44,3890,7245,928,3100,1928,3200,12,3400,10946,396,3200,896,3000,,,0,,,0,4070,504,4070,18624,520,3100,1940,6000,20,6000,120,,,0,3455,14,3460,6377,100,3100,487
CPU,,,1426422.5,,,0,,,0,1426422.5,,,0,,,0,1426422.5,,,0,,,0,1426422.5,,,0,,,0,1426422.5,,,0,,,0,1426422.5,,,0,,,0
CQL,,,2290000,1,2170000,28,,,0,1677185.75,1,1730000,10,2,1600000,2,1000000,,,0,,,0,1931842.75,2,1900000,5,,,0,638520.4375,,,0,,,0,1980000,1,1980000,4,,,0
CQM,,,1890000,1,1880000,30,1,1000000,3,2190000,1,2100000,2,2,1500000,6,875000,,,0,,,0,1713889.5,1,1750000,3,1,663000,3,484121.625,,,0,,,0,1670000,1,1650000,6,1,750000,1
CQS,,,1850000,1,1870000,5,1,860000,2,2000000,1,2090000,3,1,900000,4,800000,,,0,1,600000,1,1558466.25,1,1550000,3,1,955000,2,378967.375,,,0,,,0,1640000,1,1640000,2,1,850000,1
CQT,,,408500,1,408000,6,,,0,499000,1,495000,4,1,150000,4,250000,,,0,,,0,500000,1,510000,1,1,102000,5,107765.7734375,,,0,,,0,494057.09375,1,495000,2,,,0
CRU,200000,,200000,1,350000,3,100,200000,100,200000,1,298000,2,100,200000,100,139438.875,,,0,,,0,210000,21,210000,33,100,200000,100,139438.875,,,0,,,0,139438.875,,,0,100,200000,100
CST,,,2500,92,2500,93,1,56,1,1900,126,1900,251,4,100,4,2923.840087890625,,,0,,,0,1000,3,1000,108,,,0,2923.840087890625,,,0,,,0,2240,56,2240,143,5,240,5
CTF,,,28000,43,28000,408,25,25000,85,28364.310546875,107,31900,308,20,26000,175,16000,,,0,,,0,32238.390625,39,37300,271,35,27500,405,20500,10,60000,10,,,0,35000,10,37900,65,10,30000,360
CU,,,1720,373,2100,18206,274,1710,4553,1870,440,1870,6296,2,1550,247,2250,554,2250,554,,,0,1350,9,1700,14885,577,1350,2121,3000,59,3000,59,50,1000,50,2340,101,2300,6764,112,1950,1368
CUO,63,,360,5000,350,37178,100,208,10937,458,2180,459,6502,100,75,700,163,,,0,,,0,320,204,319,41243,50,250,5412,600,,,0,,,0,419.5,413,378,13553,300,235,690
DA,,,65000,62,65000,77,20,57500,80,59900,71,59900,91,3,48000,43,45000,,,0,,,0,75000,19,75000,19,4,52600,60,26164.140625,,,0,,,0,80000,35,80000,35,,,0
DCH,,,23319.05078125,20,23900,610,41,23000,126,23000,5,24400,45,,,0,8996.759765625,,,0,,,0,22000,1,24900,104,,,0,8996.759765625,,,0,,,0,25400,,,0,,,0
DCL,,,8457.2998046875,1578,8460,4230,50,6000,50,6982.2900390625,196,8370,491,29,5500,29,3482.6298828125,,,0,,,0,7521.9599609375,479,7690,2281,199,6800,471,3482.6298828125,10,6790,10,,,0,9915.48046875,100,9900,402,50,7000,50
DCM,,,5880,85,5880,3387,1000,5200,6953,5800,54,5800,587,984,5000,3052,3500,,,0,,,0,5555.10986328125,8,5860,5166,400,4900,2239,4900,,,0,,,0,5701.8701171875,298,6490,298,210,4750,4942
DCS,,,2133.510009765625,532,2140,13041,174,1700,1467,2050,8,2420,1858,172,2050,272,1500,,,0,,,0,2200,400,2200,3144,300,1900,3046,1840,,,0,,,0,2290.43994140625,305,4000,305,250,1950,4336
DD,,,37000,50,38500,86,,,0,37000,20,37000,33,,,0,25000,,,0,,,0,25000,1,40000,6,,,0,26664.98046875,,,0,,,0,30000,2,40000,6,,,0
DDT,,,5450,284,5450,6988,50,5000,3644,5340,501,5250,6028,73,4720,5296,4000,,,0,50,3700,1050,4800,12,5180,8880,1463,4800,7495,5946.7900390625,32,5750,697,,,0,5310,53,5310,4949,12,5260,1266
DEC,,,30745.259765625,500,38900,2049,13,25100,401,28061.94921875,1,33300,123,2,26100,405,9363.1298828125,,,0,,,0,24133.779296875,1,30000,145,190,24100,435,9363.1298828125,44,40000,44,,,0,36967.5,10,37000,86,100,23000,501
DIS,,,12000,92,13000,185,,,0,17000,1,16000,60,5,8000,5,9500,,,0,,,0,39000,53,39000,73,,,0,20000,4,20000,4,,,0,20000,24,20000,24,,,0
DOU,,,399000,2,399000,11,,,0,102013.5703125,,,0,,,0,102013.5703125,,,0,,,0,500000,54,500000,54,,,0,102013.5703125,,,0,,,0,275000,,,0,,,0
DRF,,,6336.4599609375,112,6340,1430,212,5600,1712,7290,26,7440,28,100,5000,100,3015.909912109375,,,0,,,0,6862.5,11,6200,262,88,5800,388,3500,,,0,,,0,6500,3,6500,8,,,0
DV,,,13000,19,14900,100,61,13000,61,13000,10,12900,96,,,0,15000,,,0,,,0,11900,2,11900,270,,,0,12324.5400390625,,,0,,,0,14400,4,14500,5,,,0
DW,19.200000762939453,122,122,100,122,74100,2796,119,375701,119,5219,119,14319,66959,116,318806,120.41999816894531,950,125,950,7000,106,9200,122,100,122,233247,100,119,264231,140,5808,140,7808,5000,110,18156,121,7373,121,205806,407,118,388806
EBU,,,430000,14,430000,14,10,240000,10,240000,89,430000,91,17,240000,17,90558.96875,,,0,,,0,278000,100,430000,146,10,260000,20,90558.96875,,,0,,,0,300000,52,430000,52,13,260000,13
EDC,8000,,8010,500,8500,760,1228,8010,1328,8000,6,8090,1244,100,8000,100,11000,,,0,,,0,8000,174,9500,269,100,8000,100,8216.3603515625,,,0,,,0,8000,18,8500,18,100,8000,100
EES,,,50000,48,59900,1119,10,550,10,53801.12890625,1,57700,279,12,53500,52,75000,5,65000,5,,,0,49800,24,59800,153,15,49800,15,48435.5,,,0,,,0,50000,74,69300,92,4,17500,4
ENG,,,848333.3125,1,857000,65,,,0,814000,1,815000,18,,,0,367068.125,,,0,,,0,868000,1,850000,24,,,0,367068.125,,,0,,,0,929000,1,929000,22,,,0
EPO,,,202.3300018310547,2000,208,421203,5482,202,141582,200.7100067138672,1600,200,337595,20000,172,164609,225,4000,259,9000,500,100,500,189,1300,205,236160,19387,189,266067,195.57000732421875,4400,190,14400,1000,160,6000,189.1999969482422,7800,202,156653,1076,188,125725
ES,,,2090,113,2090,2079,10,1910,771,1979.9300537109375,231,2290,3866,50,2000,248,2000,,,0,,,0,2900,185,2900,14822,20,2010,1295,1876.989990234375,20,1440,20,,,0,2800,110,2800,3265,22,2000,1071
ETC,,,39700,4,39700,345,40,20000,140,28654.9296875,14,28000,18,36,20000,56,15000,,,0,,,0,31029.94921875,52,33300,58,33,15900,273,10273.099609375,,,0,,,0,30000,60,30000,175,10,25000,10
EXO,,,400,203,400,15196,40,360,12470,400,517,400,11184,2,350,14138,420,454,420,1164,,,0,450,4443,450,14452,20,361,19930,350,2360,400,2360,400,250,600,500,59,500,15969,30,413,7474
F,,,1000,200,1490,3060,98,353,298,1000,,,0,,,0,1000,181,1000,181,,,0,2000,5563,2000,23042,4,762,10995,222.22000122070312,1000,2900,8594,,,0,2600,89,2000,2587,20,508,620
FAL,,,2881.199951171875,800,3550,5593,1000,1810,4620,2800,1372,2800,5974,75,2040,1506,1026.6400146484375,,,0,,,0,2740,842,2750,5535,157,2500,5256,1026.6400146484375,10,2730,10,,,0,3686.239990234375,434,3690,1285,1000,1500,1000
FAN,,,3279.22998046875,16,3270,1401,500,2410,3080,2210,4,2850,200,104,2210,1574,972.260009765625,,,0,,,0,3063.7099609375,412,3200,1430,179,2210,2027,1000,,,0,,,0,2247.3798828125,179,3100,179,200,2260,204
FC,,,5600,76,6550,4415,677,5600,2334,6569.22998046875,1,6300,1511,599,5810,1628,2253.139892578125,,,0,,,0,5800,12,5800,5072,156,5110,3383,2253.139892578125,,,0,,,0,9911.509765625,70,9950,130,200,4010,220
FE,,,1040,169,1100,34244,8,1040,11139,910,502,925,28050,2886,815,11758,1200,1109,1200,1209,267,850,1295,993,5,980,27771,220,926,7672,900,278,950,1107,,,0,860,383,1130,8622,181,860,4744
FEO,32,,116,2679,154,90289,3614,116,16347,96,4830,130,59774,8935,96,18318,120,2000,80,3000,953,40,953,83,68,95,77334,29,83,34145,80,127,80,6707,,,0,130,728,148,17263,3948,130,22094
FET,,,3970,214,3970,8740,1000,2350,4368,3483.179931640625,48,3500,5160,500,3400,1115,1760.800048828125,,,0,,,0,3500,374,3500,9872,53,3450,2037,1760.800048828125,,,0,,,0,4300,674,3700,6521,10,1250,18
FF,9.09000015258789,24.200000762939453,23.799999237060547,29901,23.799999237060547,721963,30000,21.700000762939453,785485,23,9500,23,743000,30000,21.399999618530273,433281,26,47023,26,47023,95071,23,123998,23.360000610351562,93631,23.5,157985,7327,22.799999237060547,455216,23.5,7000,23.5,29000,5000,21,23190,23.700000762939453,84163,23.700000762939453,1189590,10000,22,515959
FFC,240000,,330000,1,330000,25,100,240000,100,339000,2,340000,4,100,240000,100,144217.296875,,,0,,,0,329131.0625,8,330000,15,1,285000,104,144217.296875,,,0,,,0,419007.40625,1,430000,1,1,380000,104
FIM,,,3270,213,3270,26674,200,3040,9491,3000,48,2990,10910,500,2810,7060,5500,25,5500,25,100,3350,150,3533.89990234375,300,3300,11194,20,2860,7755,2900,100,7000,100,100,3000,100,3135.830078125,165,3140,15784,400,2870,16533
FIR,,,1200000,1,1280000,3,2,950000,2,1100000,1,1240000,12,2,1050000,2,575129.1875,,,0,,,0,969000,10,969000,13,2,870000,2,575129.1875,,,0,,,0,1050000,2,1350000,4,1,969000,1
FLO,,,2110,1,29000,509,,,0,28000,11,28000,61,,,0,10143.349609375,,,0,,,0,19200,10,19200,50,,,0,10143.349609375,,,0,,,0,29000,41,29000,134,,,0
FLP,,,601,460,1090,10346,85,601,2985,710,32,710,2213,16,565,2302,800,218,800,218,500,300,500,540,90,540,9326,136,490,4166,850,48,850,48,120,600,120,840,64,840,1732,30,601,818
FLX,,,299,1872,299,71365,200,273,36526,251,5148,251,119541,3809,210,12137,375,500,390,1500,,,0,246,582,246,160881,20,225,48292,290,1200,300,2526,1000,250,1380,259,12,259,18689,500,245,2430
FOD,,,413.6300048828125,249,989,450,6788,400,6797,625,203,625,805,500,500,1000,290,,,0,,,0,673.6199951171875,1078,685,1160,65,342,5667,420,,,0,372,400,372,489.6600036621094,50,732,1788,6019,350,39416
FSE,,,996403.3125,4,994000,34,1,800000,1,984913.625,1,985000,15,2,850000,9,425346.375,,,0,,,0,947474.25,1,947000,9,1,900000,1,425346.375,,,0,,,0,959000,1,959000,4,1,650000,1
FUN,,,160000,17,249000,21,,,0,140000,30,200000,33,,,0,59586.98046875,,,0,,,0,165000,212,165000,214,,,0,59586.98046875,,,0,,,0,150000,,,0,,,0
GAL,57,,300,80,390,2714,33,300,12069,249,6306,249,21507,1830,180,23097,150,1161,150,8728,,,0,258.5400085449219,1734,259,46128,20,231,12565,215,1100,215,1110,,,0,325,199,335,22891,225,250,67581
GC,,,410,1144,439,12665,234,410,8746,466,1779,466,6086,38,420,2123,153.66000366210938,,,0,,,0,430,589,430,18389,2903,380,9003,350,532,400,532,,,0,447.3800048828125,703,495,3925,1000,300,3090
GCH,,,14400,2,14500,2,,,0,14000,47,14000,49,,,0,20162.330078125,,,0,,,0,25000,5,40000,7,,,0,20162.330078125,1,20200,1,,,0,10000,,,0,,,0
GEN,,,240000,2,244000,19,1,164000,1,200000,3,200000,9,,,0,251289.75,,,0,,,0,240000,2,239000,7,1,163000,1,251289.75,,,0,,,0,210000,1,200000,4,5,160000,5
GIN,,,1940,159,1940,4682,52,1820,3404,2030,6,2030,6065,23,1650,3131,3276.7900390625,51,3500,600,,,0,2161.320068359375,274,2190,15460,100,1760,3716,1300,500,3200,530,400,1300,400,1750,35,1750,18633,100,1360,2050
GL,,,414,113,414,56479,500,372,129016,404.1700134277344,100,410,61261,30,345,106786,700,3327,400,3869,,,0,425,100,420,64267,66,320,162726,390,515,395,2514,23,300,23,358.3999938964844,40,359,28364,1721,301,114865
GNZ,,,8000,,,0,,,0,32000,1,25000,11,,,0,43211.30078125,,,0,,,0,150,,,0,,,0,43211.30078125,,,0,,,0,43211.30078125,10,60000,10,,,0
GRA,,,5000,51,5000,52,206,3000,1206,4990,55,4990,1002,6,3500,770,4200,,,0,,,0,4340,5,4340,4516,24,3660,1997,3290,,,0,,,0,4000,42,6000,751,221,4000,4370
GRN,86,,549,370,540,35790,4411,465,48731,470,61,499,4827,863,470,20203,450,478,499,759,,,0,501,158,539,27688,26,501,54060,364.7900085449219,,,0,246,350,465,480,30,480,37616,516,470,45261
GV,,,2710,110,5000,112,650,2700,4798,3400,111,3400,763,,,0,1032.550048828125,,,0,,,0,2590.06005859375,3,2850,2124,500,2200,2180,2440,7,2440,7,,,0,5000,114,4990,157,2,2210,494
GWS,,,11000000,1,12400000,4,1,10100000,1,11000000,1,13000000,1,1,11000000,1,5335434,,,0,,,0,13000000,1,13000000,12,,,0,5335434,,,0,,,0,13000000,1,13000000,1,2,11000000,2
H,50,,136.64999389648438,7152,140,101160,1956,123,166851,137,7154,137,172710,500,131,116002,110,,,0,676,110,5676,138,1635,138,89486,60,131,99073,155,218,155,769,500,120,18897,115,8316,115,215596,1000,109,216299
H2O,10,,62,20000,60,2811715,62475,56.099998474121094,76873,62.20000076293945,1104,62.20000076293945,322374,500,56,225851,58.86000061035156,1925,64,55732,29938,52,39938,74.80000305175781,3875,71,548107,2484,62.29999923706055,436955,55,16544,55,46681,20000,41,27309,64,2053,64,517456,1000,60,138441
HAB,,,140000,2,140000,2,10,120000,10,134416.671875,5,135000,5,10,105000,28,53399.55078125,,,0,,,0,124000,4,124000,16,10,100000,10,110000,,,0,5,110000,5,125000,,,0,20,100000,20
HAL,75,,416,2726,416,56799,2000,311,35346,470,676,470,80424,300,320,7376,400,2350,400,4600,500,280,1963,369,230,350,90022,90,285,21894,350,700,350,700,1000,309,1500,392,175,392,63270,27,315,9341
HAM,,,7000000,,,0,,,0,6900000,1,5750000,1,,,0,2823502.5,,,0,,,0,5750000,1,5750000,2,,,0,2823502.5,,,0,,,0,2823502.5,,,0,,,0
HCB,,,4180000,2,4080000,9,,,0,4040900.75,1,4350000,10,1,3800000,2,1709085.375,,,0,,,0,4057663.75,1,4190000,4,,,0,1709085.375,,,0,,,0,5000000,1,4370000,1,1,1850000,1
HCC,,,775,4288,775,33393,950,725,10212,730.3099975585938,2000,755,21696,1500,700,2500,640,,,0,,,0,815.1900024414062,2040,776,6941,1400,700,9140,620,400,620,400,,,0,734,959,734,13407,970,650,1470
HCP,88,,467.5199890136719,1000,467,72634,145,441,59324,445.6400146484375,1000,446,22873,88,432,21823,350,72,499,72,,,0,489,511,488,34193,150,426,35342,400,,,0,514,300,514,429,1665,429,30067,669,360,85867
HD,,,4608.669921875,1500,7400,2500,10,3850,391,4970.60009765625,117,6500,767,200,4000,1240,1599.6199951171875,50,4000,50,,,0,3812.35009765625,285,3890,3205,14,3550,1570,1599.6199951171875,,,0,,,0,6000,12,6000,13,10,4500,565
HE,75,,258,9356,258,88550,7620,186,130511,279,371,279,20463,500,215,7647,350,113,350,113,,,0,200,831,200,91100,6451,176,37555,160,580,250,580,200,90,200,239,262,239,19465,10000,200,10100
HE3,,,529,1179,529,18845,80,480,5431,697.6599731445312,3508,700,8508,30,500,6989,0.3199999928474426,,,0,,,0,525,284,525,284,1292,290,18758,500,20,942,20,44,500,454,600,205,590,595,350,450,3108
HER,,,3600,151,4200,12408,604,3600,9078,3603.60009765625,48,4160,5030,484,3600,1760,2000,,,0,720,3800,1220,4200,17,4200,11123,100,3820,6310,2400,,,0,200,3000,400,3620,108,3840,6044,124,3620,14123
HEX,,,2000,13403,2000,20628,1,80,1,200,70,500,7169,,,0,41.13999938964844,,,0,,,0,2000,3306,2000,3306,,,0,41.13999938964844,,,0,,,0,2000,1671,2000,1671,,,0
HHP,,,8000,200,10000,201,4,1000,4,8900,4,8900,4,,,0,3360.39990234375,,,0,,,0,5000,42,5000,45,,,0,3360.39990234375,,,0,,,0,10000,,,0,,,0
HMS,,,2280,488,2280,39480,300,1900,5283,1900,1609,1900,10948,500,1810,1512,3400,64,3400,83,,,0,1940,64,1940,10220,16,1860,4478,2300,54,2300,684,,,0,2490,725,2490,3464,2,2160,4515
HNZ,,,75000,,,0,,,0,90000,29,90000,29,,,0,99221.109375,,,0,,,0,99221.109375,,,0,,,0,99120.1015625,,,0,,,0,99221.109375,,,0,,,0
HOG,,,9990,42,9990,47,92,7210,401,10299.599609375,5,10400,166,,,0,3905.030029296875,,,0,,,0,18000,10,16000,30,,,0,500,19,7500,19,,,0,9700,5,15000,5,,,0
HOP,,,3800,36,3940,2191,250,3180,4716,3500,170,3400,3028,200,2910,2673,2400,,,0,,,0,4174.39013671875,775,4200,1770,125,4080,7177,2620,,,0,,,0,3000,17,3860,764,10,2860,1010
HPC,,,35000,90,35000,390,100,30000,100,35000,,,0,96,35000,116,13101.5,,,0,,,0,38900,20,38900,251,100,35000,158,28000,,,0,,,0,40000,10,40000,20,10,36000,10
HPR,,,1300000,1,1990000,2,,,0,1350000,1,1350000,3,,,0,1750000,,,0,,,0,1480000,1,1490000,4,1,1250000,1,743176.25,,,0,,,0,1400000,1,1490000,2,,,0
HSE,,,14500,5,15400,2963,50,14000,703,16000,179,16000,1925,150,15000,215,17500,100,17000,213,,,0,12350,98,13000,1948,96,12000,445,16000,40,15000,42,30,5000,30,13900,44,13900,1464,299,10800,444
HSS,,,3630,17,3630,2781,50,2370,3194,3090,572,3090,1121,43,2900,1624,2500,,,0,2000,2000,2000,3250,431,3250,3437,20,2700,3887,2500,190,2500,210,,,0,3330,961,3330,1212,15,2910,1044
HTE,,,3990000,1,3990000,5,1,2000000,2,4350000,1,4320000,4,,,0,1699123.75,,,0,,,0,3990000,1,3990000,6,,,0,1699123.75,,,0,,,0,5000000,1,5000000,1,,,0
HYR,,,4030000,4,3990000,9,,,0,3307498.5,1,3400000,2,,,0,1418066.875,,,0,,,0,3700000,1,3500000,6,,,0,1418066.875,,,0,,,0,2842945.75,1,4000000,1,,,0
I,,,2100,615,2100,1241,500,800,1200,1950,2234,1950,3389,1000,1500,8149,1500,100,1000,100,,,0,2210,576,2200,2942,360,1500,5235,1110,,,0,30,1000,30,1348.22998046875,4,3000,333,37,1020,117
IDC,11000,,11000,278,11200,777,100,11000,100,11037.6396484375,1160,11100,1269,100,11000,100,10324.98046875,,,0,,,0,11000,73,11100,2938,100,11000,100,10324.98046875,10,15400,10,,,0,11013.2802734375,53,11100,72,100,11000,100
IMM,,,100000,11,125000,20,,,0,135000,32,140000,32,6,110000,16,68316.59375,,,0,,,0,140000,,,0,8,90000,13,68316.59375,,,0,,,0,100000,,,0,7,100000,7
IND,,,3900,38,4960,2709,465,3900,1065,4461.27978515625,25,4500,471,84,3500,84,1977.510009765625,,,0,,,0,4730,8,4730,6466,472,4000,2066,5000,24,7000,24,,,0,4970,49,4480,628,20,4000,31
INS,,,195,2077,194,777955,248,157,237733,190,8840,190,306357,25000,165,272507,200,2790,200,12790,,,0,185,50,185,434330,1000,164,290168,200,10987,200,14722,1000,100,1000,161,46,197,398214,54,161,271133
JUI,,,2,98,25000,100,284,2,384,40000,49,99000,358,,,0,1102.27001953125,280,100000,280,,,0,1,1,99000,1,1,1,2,1102.27001953125,,,0,,,0,30000,118,30000,121,,,0
KOM,,,1010,590,1010,37530,100,976,12578,970,507,970,33032,100,950,4734,1280.06005859375,190,1500,590,379,1250,379,1030,2981,1030,48639,1215,1000,23681,1500,,,0,1000,1200,4050,965,2406,965,27840,828,952,28436
KR,,,120,8498,131,39155,281,120,3980,50,565,118,50046,,,0,133.3300018310547,13725,110,14045,,,0,135,4900,135,106260,,,0,133.3300018310547,,,0,,,0,99.7300033569336,678,99.9000015258789,29017,,,0
KRE,,,15000,204,14400,840,,,0,15000,116,13800,1462,,,0,15423.41015625,,,0,,,0,12000,196,12000,1838,,,0,15423.41015625,50,12000,50,,,0,15000,22,15000,22,6,1650,11
KV,,,39935.109375,1,40000,144,96,31000,731,29000,58,33000,359,2,29000,742,30000,,,0,,,0,35000,492,35000,792,150,30000,926,34000,11,34000,11,,,0,49000,13,49000,78,20,29500,767
LBH,,,6260,29,6260,5593,8,5800,2868,6010,32,6010,1500,4,5550,740,6000,29,6000,129,,,0,6015.919921875,49,6020,3318,45,4700,2074,6000,238,6000,2482,82,4000,82,6240,4,6230,1215,197,5250,843
LC,,,10427.1904296875,8,10500,128,15,7510,775,8666.6904296875,3,10300,920,100,7000,595,3180.050048828125,24,9000,64,,,0,7500,708,8000,2112,16,7500,1252,5000,10,5000,155,,,0,10400,8,10400,276,50,6500,180
LCB,,,817000,1,800000,29,1,640000,6,857000,10,858000,10,2,730000,4,352370.59375,,,0,,,0,742923.6875,3,740000,39,1,500000,4,352370.59375,,,0,,,0,775000,11,799000,18,1,501000,1
LCR,,,4000,15,4000,57,100,1800,100,6000,13,5590,117,100,1800,100,2948.659912109375,53,7370,53,,,0,5792.6298828125,43,6000,43,35,2120,93,2948.659912109375,,,0,,,0,7000,48,5000,180,5,1000,5
LD,,,11768.5703125,162,12200,1790,21,11700,470,11517.48046875,1,11800,14,98,10000,140,5116.1298828125,,,0,,,0,13325.41015625,14,13300,175,62,11000,115,5116.1298828125,,,0,,,0,12000,,,0,100,11000,210
LDE,,,13500,128,13500,1243,97,13000,3429,13500,182,13500,1909,4,13000,1248,15114.419921875,200,16000,431,,,0,14200,23,17900,480,95,12500,3557,16000,4,16000,116,10,6500,10,15700,397,15700,729,20,10600,900
LDI,,,735,1468,733,3591,250,125,850,499,448,499,1435,910,460,937,282.8699951171875,,,0,,,0,499,11751,499,26609,,,0,375,20,740,20,,,0,524,240,524,1702,,,0
LES,,,985.8699951171875,92,1080,5157,411,500,411,351,10,1100,651,50,350,150,228.57000732421875,100,1100,300,,,0,761.4000244140625,364,890,11753,131,750,3131,228.57000732421875,,,0,,,0,1300,24,1190,503,60,601,60
LFE,,,270629.40625,4,260000,120,3,225000,15,261610.640625,3,249000,52,2,235000,12,75323.0703125,,,0,,,0,251066.34375,10,279000,74,5,200000,15,75323.0703125,,,0,,,0,246583.6875,10,270000,35,1,168000,3
LFL,,,492000,1,491000,42,,,0,487000,2,488000,8,5,300000,16,156612.59375,,,0,,,0,332965.71875,1,355000,13,1,260000,2,156612.59375,,,0,,,0,480792.5625,1,460000,5,1,250000,1
LFP,,,8700,,,0,,,0,7760.52001953125,1,7900,169,,,0,7378.10986328125,,,0,,,0,15000,89,15000,139,9,7500,9,7378.10986328125,,,0,,,0,14500,29,14500,80,,,0
LHP,,,4145.64990234375,148,4150,5193,100,3160,3315,4800,181,4800,2221,300,4020,1618,4600,190,4600,280,,,0,4800,33,4800,8500,12,3520,2687,4200,17,4200,77,,,0,3890,26,3890,4074,100,3500,1173
LI,,,1880,283,1880,16549,625,1770,22668,1701.1500244140625,116,1700,20733,110,1550,110,1200,152,2100,152,,,0,1600,79,1900,8944,1572,1600,6273,2190,,,0,50,1000,50,1840,1738,1800,4955,146,1600,5730
LIO,,,357.30999755859375,1818,366,74319,34,303,6232,355.9200134277344,8000,370,22882,1792,222,4392,200,1000,360,1526,,,0,365.1199951171875,9243,375,34390,1458,250,17884,330,,,0,69,100,69,449.7699890136719,2000,464,13374,688,400,6429
LIS,450000,,450000,1,505000,9,5,451000,105,544000,2,545000,21,1,460000,105,256217.671875,,,0,,,0,524000,2,524000,16,2,453000,181,256217.671875,,,0,,,0,600000,,,0,2,451000,102
LIT,,,30000,429,30000,430,188,24400,189,19000,,,0,,,0,13530.98046875,,,0,,,0,24000,18,29500,21,,,0,13530.98046875,,,0,,,0,18800,,,0,,,0
LOG,68000,,68088.921875,260,68200,373,100,68000,100,68160.3828125,82,68900,154,100,68000,107,65000,,,0,,,0,74000,13,74000,1053,100,68000,100,69700,,,0,,,0,70657.1015625,26,73000,151,100,68000,120
LSE,,,14000,102,14000,1109,7,12000,1307,11800,117,13000,1754,81,11800,777,15000,100,14000,193,,,0,12500,12,12300,2767,20,11500,2801,13000,2,13000,102,50,7900,100,14000,64,14000,653,232,12000,684
LSL,,,480000,1,400000,22,,,0,486000,1,486000,6,,,0,223532.015625,,,0,,,0,420000,1,500000,1,,,0,223532.015625,,,0,,,0,494000,3,450000,12,,,0
LST,34,,185,1261,185,242036,80,165,49080,170,8,170,90082,100,143,103527,139,,,0,,,0,171,3608,171,73373,320,153,45913,139.3699951171875,1636,150,16280,734,115,2068,166.47999572753906,617,167,47364,1000,146,71820
LTA,,,5400,631,5400,3577,431,4300,2175,5150,1251,5150,5598,8,4250,255,5700,30,5500,450,280,4000,280,4800,3,4800,3788,60,4600,2414,4700,124,4700,252,67,3400,67,5290,146,5290,716,50,4400,914
LU,,,150000,,,0,4,150000,4,100000,6,130000,16,10,100000,10,62139.3515625,,,0,,,0,90100,4,140000,4,1,90100,40,62139.3515625,,,0,,,0,120000,3,120000,3,,,0
MAG,87,,87,47,499,6983,100,87,100,499,93,499,722,100,87,100,117.55000305175781,14,300,14,,,0,309,97,300,6571,281,170,2881,117.55000305175781,10,350,10,,,0,156.3000030517578,75,232,260,252,90,352
MAI,86,,500,3454,500,4740,465,412,34019,480,9,480,5087,100,466,28559,400,100,498,564,,,0,448,65,447,25565,200,425,50207,310,,,0,,,0,445,2538,448,10504,500,425,21850
MB,,,9207.080078125,100,9300,3092,75,8760,1483,9218.580078125,25,9240,339,200,9010,1531,8000,,,0,,,0,8844.990234375,446,8870,3611,52,8500,552,8400,,,0,,,0,9500,89,9500,605,7,8500,909
MCB,,,520000,3,500000,4,,,0,510000,1,520000,1,1,350000,1,174463.09375,,,0,,,0,450000,1,479000,2,,,0,174463.09375,,,0,,,0,517000,1,480000,4,,,0
MCG,12.100000381469727,39.400001525878906,38.91999816894531,100,39.400001525878906,115458,1495,38.099998474121094,114822,35.29999923706055,5297,35.29999923706055,475448,900,35.20000076293945,167425,39,4699,39,4699,5000,35,6400,38.63999938964844,45208,38.900001525878906,372237,491,35.099998474121094,396820,24,85470,24,408089,,,0,38,22125,38,115156,89,36.5,243917
MEA,,,5270,124,5270,9083,892,4700,6972,5100,670,5340,2856,661,5100,959,3800,20,7000,20,,,0,5600,50,5500,6663,14,5260,11646,5000,20,3900,36,,,0,5100,15,5400,2948,1591,5100,6855
MED,,,1500,937,1500,57268,62,1280,7358,1530,312,1530,18761,75,1370,4259,1700,2115,1700,2566,189,1300,189,1420,902,1420,37982,15,1390,10351,1700,2,2600,52,200,1300,321,1610,4210,1590,24185,50,1380,9083
MFE,,,154285.15625,1,151000,139,,,0,123000,3,124000,102,12,110000,12,43967.33984375,,,0,,,0,129425.0625,1,148000,124,3,60000,3,43967.33984375,,,0,,,0,152679.0625,2,149000,46,,,0
MFK,,,350,576,350,17161,20,250,113586,356,372,356,53324,36,266,109063,395,976,395,2952,,,0,314,2681,327,44348,13986,300,136449,320,310,320,804,,,0,340,501,340,9432,3110,300,103403
MFL,,,190000,2,187000,28,1,124000,1,198500,1,198000,2,,,0,78679.640625,,,0,,,0,158000,1,158000,24,,,0,78679.640625,,,0,,,0,190000,1,208000,7,1,125000,1
MG,,,118,9976,117,95350,500,97.0999984741211,62500,105.63999938964844,1939,119,127241,4492,105,114184,90,4400,90,24400,,,0,124,1751,124,299549,858,100,125237,100,744,100,3067,800,50,800,149,670,149,19341,5,98.5,12797
MGC,,,37083.328125,4,39000,16,1,3300,1,13800,2,13900,106,,,0,8511.919921875,105,17000,110,,,0,5000,8,15000,242,,,0,20000,26,20000,26,,,0,14000,6,14000,54,,,0
MGS,41,,399.67999267578125,2,700,11303,146,246,9726,238.47000122070312,397,275,6276,10,230,1489,170,7500,200,10000,,,0,270,1106,270,37333,251,160,13187,220,823,220,1384,,,0,235,150,299,2453,380,230,4392
MHL,,,5220,51,6580,6050,99,5220,3196,5100,20,5500,2465,729,5100,729,2700,136,7000,736,,,0,5650.009765625,5,5300,5533,231,5100,1701,7000,115,7000,115,,,0,4010,111,5960,3177,4,4010,1165
MHP,,,7000,29,9990,30,2,3000,1002,6690.3798828125,73,6800,173,,,0,4800,,,0,,,0,4000,25,7000,49,,,0,2094.1298828125,10,5000,110,,,0,6900,50,6900,50,15,3200,87
MLI,,,26622.939453125,1,26900,277,223,26000,423,26000,1,25500,96,39,17000,39,10232.259765625,,,0,,,0,27618.73046875,23,27800,79,50,26000,208,10232.259765625,,,0,,,0,22300,,,0,37,22300,66
MPC,,,2090,362,2090,11532,2938,1900,3716,2026.219970703125,457,2480,8388,136,1700,1536,656.3099975585938,,,0,,,0,1884.9200439453125,428,1970,5907,1000,1900,2463,400,10,2600,10,,,0,2642.110107421875,442,2490,4701,50,500,50
MSL,,,300000,4,300000,24,1,260000,6,410000,,,0,1,225000,11,90378.2421875,,,0,1,140000,1,261558.09375,2,260000,19,1,170000,2,90378.2421875,,,0,,,0,342282.15625,1,339000,8,,,0
MTC,,,450,163,1980,220,1478,450,1478,603.1699829101562,158,4000,158,,,0,447.30999755859375,,,0,,,0,1000,200,1990,4546,10,100,4010,447.30999755859375,,,0,,,0,4000,999,2990,1392,,,0
MTP,,,1900,1359,1900,26647,1539,1350,3539,1762.97998046875,90,1890,4267,86,1390,86,3000,,,0,,,0,2080,1215,2080,23997,50,1500,2146,1023.47998046875,,,0,,,0,2000,1000,2380,2993,660,1910,5809
MUS,,,330,992,330,24427,8533,280,18085,353.07000732421875,600,369,3799,30,301,21908,170.36000061035156,,,0,,,0,388,58,388,21089,50,254,16877,316,,,0,,,0,301,100,360,1538,315,301,15108
MWF,,,266,4342,322,18540,661,266,101688,300,1000,299,4747,2000,111,102518,300,,,0,,,0,284.1199951171875,858,290,18526,1040,240,103040,187.11000061035156,100,410,100,,,0,451,3888,452,8787,100,30,100100
N,33,,108,5333,107,364425,20,81.4000015258789,74038,100,1672,100,256214,500,97,28356,150,5000,110,9600,1000,100,1500,89.9000015258789,3255,89.9000015258789,568557,2092,76.0999984741211,59087,160.1199951171875,1500,150,15140,300,120,1140,118.4800033569336,6320,121,176010,29000,83.0999984741211,307543
NA,25,,32.400001525878906,202,32.400001525878906,262572,39277,25.100000381469727,39377,25,60,25.100000381469727,32290,100,25,100,30,3000,20,4647,412,1.100000023841858,5546,25,1600,25.799999237060547,162051,100,25,100,11.970000267028809,3000,24,7524,4579,1,4579,25,583,25.100000381469727,138356,100,25,100
NAB,,,197.52000427246094,468,198,4019,,,0,130,996,150,18961,6653,130,6653,150,62,350,62,,,0,160,200,159,26436,1000,113,15580,140,1170,300,1170,1000,100,1180,136.6699981689453,2218,145,4419,,,0
NCS,,,36,6682,44.400001525878906,2325968,48614,36,420162,42.400001525878906,4741,42.400001525878906,615126,1520,36,61432,72,1367,56,3359,,,0,35,356836,35,3683416,244468,34.5,494468,42,3700,42,3705,,,0,48,3145,48,151326,600,42,155600
NE,150,,375,7671,375,13281,2000,256,5831,400,1191,400,8546,15,390,1605,400,,,0,,,0,380,319,380,2906,100,270,1999,200,1500,200,5988,,,0,417,6117,417,24581,128,343,3691
NF,,,7000,10,9000,62,1,7000,1,8500,25,8500,164,,,0,5116.1298828125,,,0,,,0,5990,1,5990,376,,,0,5116.1298828125,,,0,,,0,20000,1,20000,1,,,0
NFI,,,19,13075,19,914403,4375,15.300000190734863,654375,17.5,8000,16.399999618530273,541748,90170,14,190170,15,8400,20,8400,,,0,18.299999237060547,93158,18.200000762939453,1954391,71235,17.5,734575,18,4800,18,14800,,,0,16.5,111475,16.5,471653,115041,14.5,425041
NG,,,2750,19,2750,15584,100,1710,3969,2500,500,2490,3177,,,0,1300,60,1300,60,,,0,1250,20,1490,9734,654,1250,2679,950,76,4000,76,,,0,2293.330078125,312,2200,1899,789,800,789
NL,,,8490,149,8480,9296,45,7900,4760,8400,85,8400,3052,18,7200,2475,6300,50,8700,50,100,6500,100,8370,169,8370,4800,55,7800,2179,8000,40,8000,56,,,0,7500,40,8200,2093,15,7500,1625
NN,,,60690.41015625,7,62500,755,184,60000,184,63813.69140625,40,63600,125,100,58100,110,30000,,,0,,,0,61000,19,65000,57,80,61000,261,29378.310546875,,,0,,,0,65000,3,65000,3,100,57100,194
NOZ,,,65000,,,0,5,65000,62,95000,8,95000,14,10,65000,40,43575.33984375,,,0,,,0,100000,9,100000,9,10,65000,55,43575.33984375,,,0,,,0,100000,,,0,10,65000,10
NR,,,470,4016,469,79403,2000,395,69000,500,42537,500,52537,5000,393,26217,600,10000,500,20000,,,0,491.5799865722656,400,495,214338,5000,400,68600,400,1300,470,1300,,,0,483.69000244140625,9626,579,45714,100,450,77000
NS,,,409,469,405,130364,3200,381,35969,378.79998779296875,2346,379,72323,10,350,4931,500,4000,392,11594,,,0,375,300,400,70057,4182,375,28833,379.0799865722656,,,0,2000,450,2000,390,224,388,105915,200,350,17049
NST,,,2980,41,2980,1478,10,1480,341,2843.489990234375,87,2780,575,500,2000,500,1200,16,2500,66,,,0,2340,165,2340,1561,100,1600,713,1570,202,2500,202,50,1000,50,2880,292,2880,1594,10,1550,75
NUT,88,,435.42999267578125,123,437,15439,6700,380,36774,385,1345,385,13547,1591,330,33335,300,100,449,328,,,0,493.3500061035156,194,494,4930,16,450,10255,291.1700134277344,,,0,639,275,639,402,5846,440,19264,173,402,46422
NV1,135000,,136000,1,170000,59,4,136000,204,150000,1,210000,26,2,160000,108,93565.953125,,,0,,,0,135000,3,170000,27,100,135000,100,93565.953125,,,0,,,0,250000,5,270000,5,100,135000,100
NV2,200000,,203247.90625,1,269000,7,100,200000,100,220000,4,275000,32,7,220000,107,130116.9375,,,0,,,0,200000,100,289000,112,100,200000,100,130116.9375,,,0,,,0,220000,2,220000,13,1,201000,101
O,32,,96,2383,116,317417,16071,96,111149,107,1065,112,185320,69865,107,108419,140,5000,135,13152,5000,100,7000,123,1228,125,223407,692,123,189764,130,3940,130,12140,600,125,8297,108,706,108,237079,833,102,82293
OFF,,,132,602,132,98562,1150,115,43661,135,7424,135,37520,5000,90,9497,130,9300,130,11320,,,0,134,1430,134,49634,2490,120,36010,130,2500,125,2500,1000,50,1000,150,1283,150,24931,1000,112,48745
OLF,,,10000,,,0,500,1200,2556,2000,2908,2000,3021,500,1200,620,949.5800170898438,,,0,,,0,3000,12,3500,12,170,1100,664,949.5800170898438,60,2000,60,,,0,2700,41,3000,341,11,2700,603
OS,,,64000,61,64000,61,50,51000,137,56622.28125,16,59000,24,,,0,45000,,,0,,,0,63900,2,63900,65,4,57000,378,30272.3203125,,,0,,,0,65000,12,65000,12,,,0
OVE,40.400001525878906,155,153,100,155,26408,2127,143,30136,142,623,142,29095,100,141,113010,148.3800048828125,991,150,991,1926,145,2526,155,100,155,33546,50,146,45788,134.19000244140625,658,148,1796,7959,95,8959,152,2026,152,32933,297,151,62061
PBU,,,21000,44,21000,314,100,16000,100,22900,239,22900,316,49,18100,60,8070.6201171875,,,0,,,0,23359.380859375,,,0,4,30000,9,8070.6201171875,,,0,,,0,21588.310546875,489,23100,499,90,16000,90
PCB,,,2500,420,2700,16233,241,2500,14541,2790,80,2790,5849,400,2400,3830,2300,,,0,,,0,2830,206,2830,3970,1533,2600,6422,802.4199829101562,,,0,,,0,2800,120,2810,818,50,2050,2318
PDA,,,2820,21,2820,1374,7,2810,435,3400,262,3400,620,16,2800,256,5000,43,5000,43,50,2200,50,3900,136,3900,686,48,3000,1680,2550,354,4500,354,,,0,3730,72,3730,717,1,2860,168
PE,,,13.800000190734863,281,13.800000190734863,2386938,1200,12.5,1669260,11.859999656677246,19000,11.800000190734863,5344528,81000,11.300000190734863,2193363,12.100000381469727,25000,12.100000381469727,175000,,,0,14,342547,14,3427365,5000,12.100000381469727,1949723,11,34527,14,43509,10000,10,60000,12.699999809265137,65500,12.800000190734863,2766722,475,11.699999809265137,1783960
PFE,,,980.5499877929688,300,990,3018,1980,810,2274,900,5000,880,8842,,,0,825,280,825,280,,,0,1080,60,1080,710,1900,900,3999,1150,270,800,270,119,500,119,936.5399780273438,10,929,2737,470,850,590
PFG,,,4500000,2,4500000,2,,,0,2000907.875,,,0,,,0,2000907.875,,,0,,,0,3690000,,,0,,,0,2000907.875,,,0,,,0,2000907.875,,,0,,,0
PG,,,71,2434,71,317033,20000,62,426061,75,14213,75,112329,50,65,337038,60,,,0,50000,56,50000,64.19999694824219,15000,64.0999984741211,756110,2000,58.29999923706055,830071,54.25,5000,60,5000,1923,48,11923,60,39202,60,227299,300,56.099998474121094,161734
PIB,,,2000,21,2000,38,76,501,156,2081.580078125,24,2500,24,5,800,1356,1500,53,2000,53,,,0,2148.6201171875,2,2500,2,20,215,120,549.1900024414062,,,0,,,0,1477.1800537109375,18,1100,18,20,149,20
PK,,,2200,99,2200,333,,,0,999,143,999,1453,,,0,832.6099853515625,,,0,,,0,1000,2,1200,2,999,450,999,832.6099853515625,,,0,,,0,1000,44,1000,44,,,0
POW,6000,,11400,12,11400,1962,1827,10500,2718,9971.900390625,71,9980,3874,10,8600,668,9500,50,9500,90,,,0,10271.669921875,10,10800,2196,1000,10500,1100,13000,,,0,,,0,10200,111,10200,735,50,8100,899
PPA,,,336.45001220703125,140,350,686,76,320,11645,328.8900146484375,12,367,7604,614,320,3018,300,,,0,,,0,320,486,320,11296,984,260,1604,220,,,0,990,220,990,360.2200012207031,898,648,898,4086,300,4086
PSH,,,10000,187,10000,2324,100,9000,100,10000,18,12000,1370,,,0,4013.580078125,,,0,,,0,9000,429,11800,1708,25,9000,854,4013.580078125,32,13000,32,,,0,10000,360,13600,636,69,10000,79
PSL,,,5380,60,5100,4326,12,4900,4046,5400,14,5400,360,276,4900,2259,5000,92,5000,92,,,0,5660,8,5660,2205,60,4800,2149,5000,12,5000,84,24,3000,24,5690,3,5690,256,10,4360,56
PSM,,,3800,90,3400,1573,344,3000,2314,3883.330078125,28,3890,52,1000,2900,3907,2500,,,0,,,0,4071.179931640625,15,4130,1415,240,3000,3611,1299.4200439453125,35,3000,35,,,0,4000,51,4000,302,199,2600,559
PSS,,,1400,180,1450,13691,91,1400,91,1490,30,1580,2354,14,1490,6643,450,,,0,,,0,1600.68994140625,40,1880,6443,948,1300,2448,1600,100,3000,100,,,0,1690.6400146484375,31,1840,2626,20,1100,864
PT,,,659,362,659,31278,99,530,10150,620,4575,620,30992,10,501,3674,600,200,660,1495,,,0,565,296,564,46481,8,501,11772,700,43,700,79,15,600,15,630,180,630,25200,30,541,1975
PWO,,,440,3995,440,14318,1277,350,8277,364,464,364,39440,25,363,5218,390,75,390,1647,17,281,3017,418,277,418,22217,50,334,14976,350,888,500,888,495,200,495,440,586,440,8358,200,350,2612
QCR,,,999191.625,1,999000,23,1,800000,1,999000,1,1000000,7,1,900000,4,850000,,,0,,,0,1190000,1,1190000,4,5,800000,6,365080.84375,,,0,,,0,1472208.5,1,1600000,1,1,500000,1
RAD,,,13500,78,14700,246,95,12100,283,13296.990234375,76,14500,213,,,0,3700.18994140625,,,0,,,0,14400,9,14400,582,78,13100,423,3700.18994140625,10,14500,10,,,0,16000,33,16000,33,,,0
RAG,,,550000,1,699000,4,,,0,550000,11,690000,12,1,550000,2,259841.8125,,,0,,,0,569000,5,569000,17,17,480000,17,259841.8125,,,0,,,0,580000,4,650000,8,,,0
RAM,,,2800,66,3050,2475,482,2800,1841,2704.800048828125,44,2700,1335,500,2400,1051,1238,,,0,,,0,2960.050048828125,66,3000,2717,705,2700,1685,1600,10,3000,10,,,0,2595.780029296875,92,2900,490,100,2500,1100
RAT,32.29999923706055,178,178,100,178,1384101,21483,171,768034,177,500,177,790952,500,165,267844,184.3800048828125,1800,200,1800,9950,150,19600,178,100,178,822600,2517,175,184373,190,2509,190,2509,715,150,15939,176,241,176,731424,1000,173,542306
RBH,,,17500,18,19900,2239,400,17000,401,19400,30,19400,1837,4,18100,96,22000,20,22000,20,,,0,16500,10,16800,2667,288,16500,488,25000,8,20000,8,10,10000,10,20100,52,19900,1385,20,17600,123
RCO,400,,1890,26,1890,6703,20,1410,5730,1850,2959,1850,9960,20,1340,2145,1700,120,1400,804,500,1000,500,1510,139,2240,2772,590,1510,4516,1155.43994140625,140,1400,356,849,900,849,1500,41,1870,1094,59,1500,6713
RCS,,,271447.5,2,299000,4,1,210000,9,215000,4,260000,4,1,215000,8,93742,,,0,,,0,210000,5,210000,47,,,0,93742,,,0,,,0,210000,2,220000,2,1,200000,1
RCT,,,928000,1,926000,6,,,0,959000,1,950000,5,1,500000,3,1000000,,,0,,,0,845000,1,835000,5,,,0,357974.875,,,0,,,0,979000,1,1000000,1,,,0
RDE,,,59500,10,59500,855,200,35100,1002,52900,12,52900,329,6,29300,534,38000,10,54000,22,,,0,39600,168,39600,1045,100,33900,641,50000,57,50000,57,10,15000,10,40200,80,40000,713,4,31600,658
RDL,,,1100000,2,1360000,25,1,200000,1,1012660.875,1,1030000,6,,,0,378869.09375,,,0,,,0,1200000,2,1380000,4,1,800000,1,378869.09375,,,0,,,0,1600000,1,1400000,1,,,0
RDS,,,800000,1,800000,1,,,0,775000,1,800000,1,,,0,208036.5625,,,0,,,0,800000,1,800000,1,,,0,208036.5625,,,0,,,0,800000,1,800000,1,,,0
RE,,,1975.3299560546875,100,2600,26854,327,1000,337,3700,456,3680,15803,100,2600,200,3000,279,3500,279,,,0,3400,832,3380,54279,100,2800,100,5000,12,4500,3760,,,0,2800,100,2500,13833,,,0
REA,,,1257.43994140625,244,1260,9376,,,0,1200,100,1180,5607,750,800,1050,500,17,3000,17,,,0,1280,17,1280,7592,104,985,5499,900,400,900,1600,,,0,1140,75,1140,687,300,955,826
RED,60000,,60000,200,60200,210,100,60000,100,60000,3,69900,248,100,60000,100,22664.060546875,,,0,,,0,60000,12,64900,387,100,60000,100,22664.060546875,,,0,,,0,60000,20,66000,20,100,60000,100
REO,,,2000,1,1980,2870,1000,400,1320,2100,52,2190,868,316,2100,416,164.57000732421875,270,2000,270,24,1000,24,400,,,0,,,0,2000,,,0,46,2000,46,0.009999999776482582,,,0,800000,0.009999999776482582,800000
REP,,,918,481,918,15696,442,716,12165,870,123,869,10439,2,812,839,950,150,950,950,,,0,820,3482,820,17472,1700,740,18745,700,55,700,132,50,620,113,918,30,918,9343,100,804,3323
RG,,,1400,452,1400,17111,156,1300,6152,1380,1000,1970,6171,115,1380,2812,2090,,,0,,,0,1595.1300048828125,100,1680,9970,537,1330,22657,2500,2,2220,120,,,0,1740,85,1750,9393,200,1350,2486
RGO,,,2340,161,2320,1084,500,1650,700,2180,519,2180,702,50,1700,655,794.6900024414062,,,0,,,0,2483.409912109375,108,2490,3299,116,1690,1336,794.6900024414062,10,2100,10,,,0,2000,60,2000,77,77,1000,77
RHP,,,6976.5,20,6980,112,50,6200,86,7130.22021484375,,,0,13,6600,13,2754.409912109375,,,0,,,0,6350,108,6800,718,,,0,2754.409912109375,,,0,,,0,7500,12,7500,12,,,0
ROM,,,5000,273,5400,7667,455,5000,5158,4600,43,5300,2290,320,4600,1331,1901.9599609375,,,0,,,0,6080,784,5800,3293,292,4850,5189,4500,40,7500,40,,,0,5780,250,5780,1634,200,3260,301
RSE,,,26466.51953125,32,30000,2778,247,25800,265,29600,124,29600,2922,4,27300,500,33000,20,35000,20,,,0,27662.5,8,27700,1250,66,27500,1286,30000,5,30000,5,10,15000,10,30200,40,29800,899,20,27600,462
RSH,,,30000,711,40000,712,15,30000,429,50000,,,0,,,0,19215.0703125,,,0,,,0,22200,,,0,14,22200,54,28000,,,0,,,0,40000,,,0,30,22000,30
RSI,,,2000,390,2000,391,300,200,300,1650,7,6000,7,,,0,684.2000122070312,,,0,,,0,2101.260009765625,19,2090,915,19,722,1034,1150,,,0,,,0,2480,4,2480,76,,,0
RTA,,,17500,350,17500,3049,10,14700,1110,21400,24,21400,1664,1,16800,271,17300,10,25000,10,,,0,16400,104,16100,1651,95,15000,1178,20000,2,20000,2,10,8000,20,17000,2,16800,723,2,14600,593
S,,,370.1300048828125,64,367,4735,10,200,8010,294,420,280,5140,5,200,5905,280,,,0,,,0,260,198,260,7078,4802,200,18448,145,42,180,142,,,0,300,539,300,2796,10,211,11237
SA,,,7595.240234375,42,8300,108,66,7500,66,8300,4,8200,164,,,0,3410.75,,,0,,,0,8280,18,8280,322,42,7500,124,3410.75,,,0,,,0,15000,1,9000,144,10,7500,20
SAL,,,7188.43017578125,3,7690,122,492,7100,492,7884.3701171875,2,7760,295,49,7000,49,3410.75,,,0,,,0,7663.3798828125,63,7690,743,87,7500,87,3410.75,,,0,,,0,7500,6,7500,140,28,7000,58
SAR,,,29000,339,31200,3287,200,28700,457,38700,6,38700,1161,10,30000,163,9564.2099609375,,,0,,,0,35458.23828125,1,34600,644,26,30200,271,9564.2099609375,10,34000,10,,,0,29900,294,29900,1298,10,21000,30
SBU,,,43000,147,43000,1147,15,33000,15,44000,152,44000,152,15,33000,51,14800.4404296875,,,0,,,0,44000,192,44000,192,8,32000,54,14800.4404296875,,,0,,,0,36900,10,43000,160,15,30000,15
SC,,,1210,72,1210,4704,10,970,4544,1320,149,1320,3137,15,1110,194,1600,85,1600,142,100,800,100,1220,993,1220,5486,50,950,2743,3000,51,3000,51,5,1200,105,1180,173,1180,7221,20,1150,1129
SCB,,,110000,8,110000,18,,,0,120000,1,120000,3,,,0,53413.53125,,,0,,,0,160000,1,135000,3,1,50000,1,53413.53125,,,0,,,0,100000,1,169000,3,,,0
SCN,,,2990,220,2990,2719,920,2650,4420,3270,3,3270,1833,1000,2150,1489,2500,910,2500,2423,,,0,3490,430,3490,2409,322,2570,1892,4000,18,4000,18,40,1500,40,3690,32,3690,2439,5,3200,412
SCR,82,,182.41000366210938,4,400,1625,900,182,3200,198.0399932861328,144,240,3916,268,105,3354,100,,,0,,,0,215,26,299,5803,1021,215,11530,150,15,144,15,,,0,311.6600036621094,153,350,7114,366,300,2428
SDM,,,3400000,1,3000000,1,,,0,1115816.375,,,0,,,0,1115816.375,,,0,,,0,2500000,,,0,,,0,1115816.375,,,0,,,0,1115816.375,,,0,,,0
SDR,100000,,100000,30,101000,119,100,100000,100,100000,103,115000,133,100,100000,100,37717.0703125,,,0,,,0,100000,60,130000,60,100,100000,100,37717.0703125,,,0,,,0,100000,,,0,100,100000,100
SEA,,,195,152,195,100135,1000,160,104824,183,154,180,58905,6000,135,111000,155,3450,155,8450,,,0,200,32174,200,55427,572,162,148774,175,818,175,818,,,0,175,1870,175,39152,6,136,109460
SEN,,,850,4080,870,76182,16003,850,47282,825,1798,825,25844,2000,730,3500,1300,,,0,50,610,100,859,1858,859,39682,10880,850,14744,775,,,0,,,0,875,598,868,12956,1000,696,7356
SEQ,,,21819.73046875,30,24000,51,85,22000,313,23000,,,0,,,0,8481.08984375,,,0,,,0,20000,3,20000,40,59,18000,59,8481.08984375,,,0,,,0,25000,,,0,10,16000,10
SF,6.059999942779541,18.200000762939453,18,100,18.200000762939453,1914803,6000,17.200000762939453,1754159,16,16666,17.200000762939453,1040010,53021,16,2567387,18,78615,18,100624,100000,16.5,100000,17.899999618530273,83869,17.899999618530273,694406,3000,17.700000762939453,1430003,18.200000762939453,3000,18.5,38882,10011,17.399999618530273,83197,17.899999618530273,35587,17.899999618530273,1363293,3000,17.799999237060547,35114
SFE,,,63113.58984375,16,62000,93,7,50000,7,62900,2,62900,96,20,60000,20,25136.580078125,,,0,,,0,51981.98828125,2,52000,257,,,0,25136.580078125,,,0,,,0,67167.859375,2,68900,62,,,0
SFK,,,118,234,118,83459,845,90,148845,94.9000015258789,1522,94.9000015258789,57097,280,85,115434,75,3889,85,6889,,,0,76.9000015258789,168,76.9000015258789,229949,41971,71,240889,238,16,238,16,100,50,100,89.9000015258789,1028,89,94164,13,80,103701
SFL,,,98200,1,98200,40,,,0,118000,1,109000,39,,,0,39315.26953125,,,0,,,0,85000,1,88900,7,,,0,39315.26953125,,,0,,,0,11000,1,109000,13,,,0
SI,,,2420,500,2590,17630,309,2420,9061,2260,800,2500,9781,3000,2250,11144,2000,858,2700,1058,,,0,2410,434,2900,21854,1956,2410,7997,3000,,,0,39,1000,39,2770,457,2770,2318,5999,2200,13535
SIL,,,2800,174,2800,1489,,,0,2640,104,2640,799,201,1500,201,2265.139892578125,4,10000,4,,,0,2750,803,2750,3105,,,0,2265.139892578125,10,3500,14,,,0,1950,21,1950,544,20,1600,20
SIO,38,,124,1041,124,272304,1202,103,44636,139,428,139,162757,10,133,27313,190,903,145,3841,,,0,138,563,139,152283,90,125,40856,150,14900,150,23570,50,100,50,100,130,119,62554,758,100,30839
SNM,,,110000,10,119000,75,17,110000,77,109000,5,109000,49,,,0,76610.65625,,,0,,,0,114000,4,114000,31,100,100000,100,76610.65625,,,0,,,0,110000,6,112000,19,10,65000,100010
SOI,,,998.4199829101562,100,980,2776,1000,800,8643,880,100,880,3023,1000,800,4402,450,,,0,,,0,807,916,820,19737,41,703,9883,744.6799926757812,415,745,463,,,0,759,247,759,5882,200,670,8529
SOL,,,1530,2853,1530,11879,8800,1500,18300,2000,,,0,937,1150,2735,446.0199890136719,,,0,,,0,1600,850,1600,3850,302,1450,6145,1200,,,0,,,0,2950,240,2930,2733,5000,1300,7988
SP,2500,,3000,50,3000,9061,100,2500,100,2850,324,2850,2243,56,2510,156,3257.179931640625,,,0,,,0,2500,48,2890,11682,100,2500,110,2560,,,0,,,0,3529.2099609375,60,3740,2022,446,2550,746
SPT,,,600,299,750,300,,,0,600,1000,700,4000,,,0,189.3300018310547,,,0,,,0,520,,,0,,,0,189.3300018310547,,,0,,,0,780,156,780,28792,,,0
SRD,70000,,84799.4375,13,100000,13,98,70100,198,70100,3,89900,147,65,70100,165,29473.939453125,,,0,,,0,70100,60,90000,60,100,70100,200,29473.939453125,,,0,,,0,70000,10,90000,10,100,70100,200
SRP,,,13900,87,13900,2090,,,0,17000,571,17900,571,,,0,7928.259765625,,,0,,,0,16900,48,16900,207,100,4000,100,7928.259765625,,,0,,,0,20000,48,20000,48,,,0
SSC,,,680,179,680,5977,100,552,6191,750,74,750,553,6,651,3034,600,85,600,2185,,,0,680,1226,680,13458,50,571,8182,530,53,530,343,,,0,668,4496,668,7587,212,575,537
SSL,,,69391.15625,2,69500,19,,,0,70900,3,70900,4,2,58000,2,22109.029296875,,,0,,,0,69821.2578125,1,69700,3,,,0,22109.029296875,,,0,,,0,79900,1,79900,2,,,0
SST,,,10000000,2,10000000,2,,,0,3838074,,,0,,,0,3838074,,,0,,,0,10000000,,,0,,,0,3838074,,,0,,,0,3838074,,,0,,,0
STL,,,2160,182,2100,16832,1270,1850,5308,2000,36,1990,11016,163,1910,2815,2300,122,2300,1172,200,1800,200,2111.300048828125,9,2120,25493,50,1850,7626,1972.43994140625,50,2100,150,,,0,2000,148,2000,11225,720,1920,3675
STR,1750,,2800,52,2990,241,100,2700,926,2680.010009765625,52,2800,252,96,1800,490,2000,150,2000,151,,,0,3200,282,3300,282,200,1800,380,1950,12,2600,22,,,0,2620,,,0,100,2700,670
STS,,,189000,1,189000,12,2,17400,6,168000,3,167000,5,,,0,95665.6796875,,,0,,,0,176000,5,170000,11,2,17000,2,95665.6796875,,,0,,,0,178000,3,176000,14,,,0
SU,,,115000,9,115000,11,,,0,200000,,,0,,,0,112362.03125,,,0,,,0,300000,20,300000,20,,,0,112362.03125,,,0,,,0,112362.03125,,,0,,,0
SUD,100000,,110000,4,110000,34,100,100000,100,100000,60,130000,60,100,100000,100,37979.5703125,,,0,,,0,120000,57,120000,57,100,100000,100,37979.5703125,,,0,,,0,100000,,,0,100,100000,100
SUN,,,789,20,789,4909,20,510,1104,650,60,650,460,10,350,784,475,200,1000,200,,,0,751.2899780273438,390,814,2420,1000,600,7842,499,40,550,200,100,300,100,725,965,725,1315,120,660,540
SWF,,,223,3140,223,203075,10000,171,156999,193,102,193,100213,20,182,102257,80.30999755859375,,,0,,,0,214,3600,213,147680,4987,185,158226,110,1000,400,1000,,,0,175,2888,175,30627,1000,145,109003
TA,,,17473.580078125,275,23900,711,100,13100,122,15000,36,18000,499,200,15000,307,8409.3798828125,,,0,50,8000,50,21958.359375,42,23600,193,45,16000,290,10400,,,0,1,16000,1,24000,19,24000,300,10,16000,11
TAC,,,150000,1,318000,68,2,15000,2,500000,3,350000,5,,,0,91593.2265625,1,350000,1,,,0,550000,2,460000,13,,,0,91593.2265625,,,0,,,0,91593.2265625,,,0,2,50000,2
TAI,,,713.3499755859375,30,745,10460,200,120,200,735.6300048828125,40,700,8128,40,500,70,121.01000213623047,1000,900,1000,,,0,900,478,900,12268,173,800,1559,750,139,750,139,,,0,686.8300170898438,38,750,1421,,,0
TBU,,,68000,140,68000,140,15,59000,15,69000,150,69000,150,2,51000,2,22796.0390625,,,0,,,0,68500,15,68500,176,15,59000,15,22796.0390625,,,0,,,0,69000,10,68500,200,,,0
TC,,,4100,55,6400,1144,24,4100,24,7038.08984375,72,7300,1097,100,6500,277,3848.0400390625,,,0,,,0,22700,68,22700,268,50,5000,87,7500,10,18000,10,,,0,6500,15,6500,1079,98,2500,98
TCB,,,51000,1,52000,1,,,0,26000,1,30000,1,,,0,9540.4501953125,,,0,,,0,30000,1,34300,7,,,0,9540.4501953125,,,0,,,0,25500,1,29900,2,,,0
TCL,,,4280,1000,4270,6942,450,3620,7696,4100,1423,4100,4935,45,3270,3690,3500,,,0,,,0,3800,33,3800,5397,3379,3510,5457,3000,,,0,120,3000,140,3970,525,3970,1625,100,3700,2615
TCO,,,800,257,800,6258,500,308,1500,838.6900024414062,11,999,2793,50,600,1724,500,9490,500,21919,,,0,930,329,930,6265,5000,800,5970,130,93,650,535,,,0,800,971,1500,971,12,750,584
TCS,,,3000,15,4920,5600,470,3000,616,4790,50,4790,991,500,3000,571,5700,,,0,6,5700,6,4000,234,5000,752,249,4000,278,4400,50,8000,50,,,0,4500,351,4500,8802,10,4250,10
TCU,,,230000,4,180000,41,10,91100,12,200000,1,200000,1,10,90000,10,69683.3828125,,,0,,,0,195000,3,300000,3,10,196000,37,69683.3828125,,,0,,,0,250000,3,250000,3,10,96000,15
THF,,,584.969970703125,474,598,10056,640,520,5528,590,342,590,9833,50,493,8500,475,,,0,,,0,640,254,640,17131,1000,474,12722,550,40,550,40,,,0,599,2000,598,7448,1000,350,1795
THP,,,7270,176,7260,1542,372,5200,1395,7589.68994140625,4,8390,441,7,6700,207,2399.0400390625,,,0,,,0,6577.2998046875,12,7400,319,192,6000,653,2399.0400390625,,,0,,,0,6500,17,7500,428,81,6500,97
TI,,,2190,213,2190,16193,675,1940,2685,2280,79,2280,9710,639,1900,1662,2510,700,2510,800,,,0,2000,388,2610,23014,964,2000,4762,2490,76,4000,76,,,0,2490,684,2490,5813,100,1210,121
TIO,74,,597,495,597,179064,800,417,13406,265.67999267578125,1900,261,26001,2000,202,39321,330,400,280,2320,,,0,343,9,343,55404,2263,260,13271,220,,,0,,,0,433.79998779296875,389,443,6637,800,243,3550
TK,,,31000,2,47900,433,,,0,34500,200,38900,403,20,33000,40,20250.619140625,,,0,,,0,39071.4296875,37,40000,37,,,0,20250.619140625,5,41100,5,,,0,3950,2,38900,9,,,0
TOR,,,900000,12,849000,21,,,0,280650.28125,,,0,,,0,280650.28125,,,0,,,0,1100000,1,800000,4,,,0,280650.28125,,,0,,,0,400000,,,0,,,0
TPU,,,3990,167,3990,2470,67,2410,802,2500,99,2500,599,100,2000,100,1175.199951171875,,,0,,,0,4470,32,4470,617,486,2500,486,1000,,,0,,,0,4100,176,4100,669,4,2000,4
TRA,,,2249.89990234375,107,2240,1641,100,1510,300,2490,81,2490,681,100,1700,100,840.010009765625,,,0,,,0,1728.3800048828125,468,1860,2433,193,1610,423,840.010009765625,10,2000,10,,,0,2730,149,2730,284,200,1700,200
TRN,,,510,3000,579,96367,5000,486,154746,534,40,533,39041,500,500,122277,600,360,500,360,,,0,510.7300109863281,1318,524,84054,9195,500,147548,50,1000,700,1000,,,0,519,1032,519,15808,2000,477,106503
TRS,,,231000,18,300000,26,6,230000,12,300000,,,0,,,0,101058.03125,,,0,,,0,282464.65625,20,290000,618,5,230000,10,101058.03125,,,0,,,0,231000,,,0,10,230000,20
TRU,,,690,231,690,8629,900,652,10835,763,62,762,7016,18,701,3145,750,,,0,,,0,645,153,645,26657,72,562,15017,600,247,600,424,100,500,100,897,488,897,2640,50,600,8565
TS,,,899,1564,899,9755,2000,122,3100,300,,,0,90,200,1274,74.80999755859375,,,0,,,0,510.69000244140625,554,544,5089,18,500,13091,74.80999755859375,10,399,10,,,0,207,208,350,672,93,207,1463
TSH,,,42700,17,42700,1011,90,31400,799,47500,1,47400,637,20,37000,60,60000,,,0,,,0,36000,83,36000,590,4,30600,604,40000,9,39000,16,,,0,40000,73,40000,274,20,32000,121
TUB,,,302.2699890136719,1580,339,6581,5993,200,16251,289,1960,289,10526,400,155,5400,270,148,270,346,,,0,195.64999389648438,140,250,23516,1000,200,28422,170,260,170,1544,,,0,269.82000732421875,100,329,38219,100,156,26789
UTS,3500,,8090,118,8090,805,20,7600,5736,10000,96,10000,96,8,8000,1424,5400,,,0,,,0,7435.25,6,7480,335,159,7000,1821,6000,,,0,,,0,7500,92,7500,280,30,6500,1377
VCB,,,799000,1,799000,2,,,0,850000,1,877000,2,,,0,350872.8125,,,0,,,0,839000,1,839000,3,,,0,350872.8125,,,0,,,0,799000,1,890000,5,,,0
VEG,88,,311,30,550,25363,20,312,28183,396.9200134277344,541,396,3797,40,301,11305,400,320,10000,320,,,0,414.1099853515625,144,429,11322,4,425,14923,375,,,0,303,335,970,510,183,510,15479,16,403,27001
VF,,,19.799999237060547,1000,17.700000762939453,2640332,100000,15,100000,20,6536,22,85974,67217,20,167217,16.139999389648438,18763,24,18763,,,0,19.399999618530273,75000,19.399999618530273,633459,84000,15,84000,24,90000,24,90000,,,0,17.34000015258789,141317,17.5,620294,41000,15,41000
VFT,,,2600000,1,2600000,1,,,0,2600000,,,0,,,0,1029499.4375,,,0,,,0,2400000,,,0,,,0,1029499.4375,,,0,,,0,1029499.4375,,,0,,,0
VG,,,2900,35,2900,1937,46,2130,2311,2250,97,2240,5095,28,1810,658,2190,90,2190,250,,,0,2470,165,2470,2314,61,1900,1461,2400,17,2400,217,,,0,2380,55,2380,8099,43,2030,2402
VIT,,,1080,2097,1070,7410,841,560,1040,785,17842,785,17842,13,410,513,324.6600036621094,,,0,,,0,920.7000122070312,40,940,923,,,0,740,,,0,,,0,1084.6500244140625,2,2710,2,29,650,29
VOE,,,5400000,,,0,,,0,2949036.25,1,6000000,1,,,0,2949036.25,,,0,,,0,5000000,,,0,,,0,2949036.25,,,0,,,0,2949036.25,,,0,,,0
VOR,,,2553164.5,,,0,,,0,2553164.5,,,0,,,0,2553164.5,,,0,,,0,2553164.5,,,0,,,0,2518066.5,,,0,,,0,2553164.5,,,0,,,0
VSC,,,50000,1,40000,5,,,0,50000,1,50000,1,,,0,15937.349609375,,,0,,,0,54800,1,54200,6,,,0,15937.349609375,,,0,,,0,40000,1,50000,1,,,0
W,,,15397.6796875,319,16800,4340,288,14700,11016,16500,500,18000,2614,15,16000,666,6250.14013671875,,,0,,,0,17500,18,17500,2171,150,15400,1576,8000,,,0,,,0,14000,500,16700,1172,246,14000,306
WAI,,,94599.890625,4,96500,558,30,91100,213,94044.578125,100,97000,255,30,91100,189,100000,37,100000,248,,,0,95500,200,93500,899,20,90600,170,51930.23046875,,,0,,,0,91472.9375,4,93500,173,100000,0.019999999552965164,200000
WAL,,,7995.580078125,54,8000,2055,1000,6520,3212,6300,60,7400,1482,250,6200,1070,2800.330078125,,,0,,,0,8200,12,8990,4872,44,6500,444,2800.330078125,,,0,,,0,9500,,,0,,,0
WCB,,,908323.25,2,900000,26,1,402000,2,919139.9375,2,937000,6,,,0,347832.9375,,,0,,,0,347832.9375,4,864000,29,1,775000,5,347832.9375,,,0,,,0,782850,1,939000,4,1,500000,3
WIN,,,13300,485,13300,2759,30,8510,4571,9093.5400390625,106,8000,419,50,7610,2803,10000,60,12000,73,,,0,9320,15,9320,5671,2000,7600,4934,12000,2,6480,22,,,0,8250,86,8250,863,1,7110,5976
WM,,,11586.169921875,262,13000,311,35,11000,54,11727.48046875,1,12800,89,7,10000,8,6821.509765625,,,0,,,0,12000,30,12000,203,82,11000,192,6821.509765625,,,0,,,0,11000,,,0,,,0
WOR,,,215000,3,350000,3,,,0,220000,10,250000,10,10,160000,10,83894.7265625,1,200000,1,,,0,200000,,,0,,,0,83894.7265625,,,0,,,0,150000,,,0,,,0
WR,140000,,190000,10,155000,18,5,150000,110,150000,1,150000,1,100,140000,100,78235.6171875,,,0,,,0,140000,1,150000,3,100,140000,100,78235.6171875,,,0,,,0,150000,,,0,100,140000,100
WRH,,,7800,920,7800,1489,10,6550,180,10900,656,10900,2509,390,7000,390,3393.949951171875,,,0,,,0,8671.33984375,433,10400,2312,480,7750,480,3393.949951171875,,,0,,,0,9978.2099609375,323,9980,1189,,,0
WS,,,5420,81,5420,1419,,,0,5005.419921875,38,5800,167,50,3400,275,6000,60,5200,64,,,0,4990,58,4990,2093,45,4000,1116,2599.570068359375,20,5000,166,,,0,5150,66,5150,556,50,3050,260
ZIR,,,306.20001220703125,441,799,20490,1000,110,8066,491.1300048828125,960,550,11003,239,430,1739,117.55000305175781,552,800,552,,,0,675.47998046875,200,670,23982,10,501,6510,648,20,780,20,,,0,325,4,600,7024,500,210,1500
ZR,,,16200,195,16200,268,50,11500,80,14823.1904296875,484,17000,525,10,15000,121,7683.919921875,,,0,,,0,14391.9697265625,132,14200,134,50,13000,170,15200,10,35000,10,,,0,16900,2,16900,126,78,13100,138
