Ticker,MMBuy,MMSell,AI1-Average,AI1-Previous,AI1-AskAmt,AI1-AskPrice,AI1-AskAvail,AI1-BidAmt,AI1-BidPrice,AI1-BidAvail,CI1-Average,CI1-Previous,CI1-AskAmt,CI1-AskPrice,CI1-AskAvail,CI1-BidAmt,CI1-BidPrice,CI1-BidAvail,CI2-Average,CI2-Previous,CI2-AskAmt,CI2-AskPrice,CI2-AskAvail,CI2-BidAmt,CI2-BidPrice,CI2-BidAvail,NC1-Average,NC1-Previous,NC1-AskAmt,NC1-AskPrice,NC1-AskAvail,NC1-BidAmt,NC1-BidPrice,NC1-BidAvail,NC2-Average,NC21-Previous,NC2-AskAmt,NC2-AskPrice,NC2-AskAvail,NC2-BidAmt,NC2-BidPrice,NC2-BidAvail,IC1-Average,IC1-Previous,IC1-AskAmt,IC1-AskPrice,IC1-AskAvail,IC1-BidAmt,IC1-BidPrice,IC1-BidAvail
AAR,,,20000,20000,27,20000,350,66,18000,318,19900,19900,39,19900,52,,,0,20000,20000,,,0,,,0,17144.33,16000,74,17900,882,98,16000,244,6777.08,,3,16200,3,,,0,17884.41,18400,6,18400,6,1,17000,5
ABH,,,50788.64,50700,62,54200,1532,100,50300,1242,58000,58000,80,58000,370,94,51100,221,53000,53000,10,55000,10,,,0,50900,50900,32,50900,1682,14,49000,1022,24111.88,,27,65000,27,,,0,52100,52100,57,54500,830,250,52100,730
ACS,,,150000,150000,58,159000,72,10,140000,10,161300.57,160000,3,165000,29,6,160000,38,74706.55,,,,0,,,0,169000,169000,8,159000,45,10,150000,10,124000,124000,,,0,,,0,159000,159000,18,159000,20,1,151000,5
ADE,,,64100,64100,24,64100,202,20,47000,1434,69375,70000,32,70000,243,2,42500,107,43000,43000,4,47000,4,,,0,62000,62000,41,62000,317,18,45500,514,21239.53,,26,60000,26,,,0,59956.24,61600,31,61600,543,6,42000,1002
ADR,70000,,71300,71300,5,125000,55,46,71300,166,107055.93,110000,20,110000,114,50,85000,150,60000,60000,,,0,,,0,70069.2,70000,19,100000,69,1,71000,111,29140.78,,,,0,,,0,82500.01,85000,10,150000,10,50,72200,180
ADS,,,130290.75,132000,5,132000,123,2,116000,17,141138.32,125000,2,125000,6,10,104000,23,250000,250000,,,0,,,0,136500,138000,9,139000,42,10,113000,23,55163.27,,1,128000,1,,,0,165000,165000,75,165000,106,3,125000,24
AEF,,,6400,6400,7,8670,975,315,6400,2335,15000,15000,377,15000,502,44,7000,1042,40,40,76,9000,113,,,0,7000,7000,39,9800,937,36,7000,1300,10000,10000,6,10000,290,,,0,6580,6580,300,6690,2349,184,4250,3000
AEN,,,2240000,2240000,1,2230000,3,,,0,2065577.6,2180000,2,2150000,7,,,0,990267,,,,0,,,0,2000000,2000000,1,2290000,2,2,1200000,4,990267,,,,0,,,0,2500000,2500000,1,2600000,1,,,0
AFP,,,30000,30000,,,0,,,0,30000,30000,,,0,,,0,134412.7,,,,0,,,0,30000,30000,,,0,16,40000,16,134412.7,,,,0,,,0,35000,35000,,,0,3,35000,3
AFR,,,26623.82,27000,8,28000,19,100,22000,277,25000,25000,12,25000,12,41,20500,193,9504.3,,,,0,,,0,21000,21000,,,0,10,18000,30,9504.3,,,,0,,,0,20200,20200,7,25000,7,13,20200,33
AGS,,,490000,490000,2,490000,3,,,0,480000,480000,4,480000,5,,,0,500000,500000,,,0,,,0,719124.14,795000,1,800000,1,2,450000,2,222767.28,,,,0,,,0,799000,799000,1,799000,2,,,0
AHP,,,14500,14500,200,13000,1592,,,0,14500,14500,58,14500,179,,,0,5713.72,,,,0,,,0,12959.44,12500,97,12000,2711,10,9510,209,5713.72,,,,0,,,0,20000,20000,,,0,,,0
AIR,200000,,200000,200000,4,220000,4,100,200000,100,200000,200000,20,209000,341,100,200000,100,91179.59,,,,0,,,0,200000,200000,50,201000,309,100,200000,100,91179.59,,,,0,,,0,200000,200000,26,210000,30,100,200000,100
AL,,,1310,1310,20,1320,58948,25,1310,137096,1350,1350,1000,1420,16785,4,1280,13781,1280,1280,43,1350,10796,3000,1100,9007,1600,1600,1967,1600,59763,5,1450,19421,699.22,1100,2000,1000,12139,,,0,1400,1400,87,1400,13300,20,1240,2574
ALE,,,1350,1350,12,1370,37962,3544,1350,15336,1160,1160,278,1200,17684,1676,1160,2026,1700,1700,640,1700,840,,,0,1360,1360,952,1370,42887,1843,1350,8777,1490,1490,1922,1490,2311,50,1200,64,1340,1340,527,1340,31713,776,1240,5971
ALG,80,,281,281,8964,320,55910,6,281,19657,349,349,2142,349,21160,2379,300,4115,350,350,1467,350,1467,,,0,256,256,2135,299,29366,1252,256,3637,316,316,,,0,1000,200,1000,341,341,686,341,13465,200,260,7737
ALO,42,,252,252,145,330,100135,3874,252,66576,350,350,2235,350,23449,24,335,22772,201.2,182,347,299,30828,517,182,11835,373,373,140,373,107618,146,369,35666,260.84,290,1900,290,3397,500,200,500,324,324,100,324,71979,400,292,46835
ALR,,,1400,1400,9,1390,3045,120,700,250,3210,3210,1486,3210,2370,,,0,1345.41,,,,0,,,0,3150,3150,1246,3150,7987,1000,1000,1000,1345.41,,,,0,,,0,3690,3690,554,3690,3603,,,0
AMM,61,,160,160,941,160,57466,4596,120,22697,145,145,20734,145,86752,2098,122,136451,135,135,7577,135,7577,350,110,2350,189,189,9,189,70143,3800,174,48301,160,160,800,160,800,200,140,5985,175,175,835,195,63424,7412,162,28028
ANZ,,,73626.71,,1,125000,1,,,0,73626.71,,1,120000,1,,,0,73626.71,,,,0,,,0,73626.71,,,,0,,,0,70600.55,,,,0,,,0,73626.71,,,,0,,,0
APT,,,13936.53,13900,87,13900,1915,,,0,19800,19800,132,19800,173,,,0,6945.84,,,,0,,,0,16500,16500,405,16500,517,,,0,6945.84,,,,0,,,0,2000,2000,,,0,,,0
AR,83,,559.41,544,83,544,20719,200,512,41507,670,670,616,670,10079,200,501,14712,450,450,,,0,1000,350,2000,648,648,2867,648,17276,308,520,13223,700,700,550,700,2300,400,200,500,716.77,723,3388,723,33943,142,600,1951
ARP,,,10000,10000,4,9500,103,,,0,10000,10000,5,10000,5,,,0,4648.62,,,,0,,,0,8500,8500,34,8500,37,,,0,4648.62,,,,0,,,0,13000,13000,,,0,,,0
ASE,,,54000,54000,1,54000,1921,10,51000,1559,54327.68,55000,116,55000,1471,6,45200,606,55000,55000,21,55000,21,10,33000,10,50500,50500,8,50500,1351,13,47000,358,60000,60000,16,60000,16,,,0,45100,45100,52,53500,625,176,45100,474
AST,,,2649.49,3190,40,3190,6845,100,2200,2365,3700,3700,2387,3700,6382,132,3000,632,1776.4,,100,10000,100,,,0,3784.24,3990,314,3990,7330,50,3400,2623,2000,2000,100,4740,100,,,0,3650,3650,109,3650,2372,100,1500,100
ATA,,,30800,30800,2,30800,396,100,27900,794,31656.25,32000,38,32000,366,4,22000,379,28000,28000,,,0,,,0,28000,28000,9,28000,914,95,27200,1264,38000,38000,24,38000,24,,,0,29219.73,28700,2,28700,318,62,26000,116
ATP,,,50000,50000,5,50000,48,2,41000,2,30000,30000,,,0,,,0,12377.3,,,,0,,,0,40000,40000,,,0,50,40000,50,12377.3,,,,0,,,0,25000,25000,,,0,40,27200,40
AU,,,2430,2430,9,2890,7293,20,2430,4660,1610,1610,51,2540,2699,115,1610,4030,950,950,10,2200,10,,,0,2552.73,2580,11,2580,11832,114,2020,3077,998,998,51,1700,102,,,0,2524.79,2310,58,3910,2205,759,2310,2427
AUO,137,,477,477,687,599,31055,684,477,8624,369.46,390,241,390,2354,2000,260,4692,300,300,,,0,,,0,389,389,48,389,59264,1000,330,15069,280,280,,,0,,,0,425,425,2934,425,25319,600,225,3803
AWF,,,5700,5700,9,5700,22,25,4500,114,5680,5680,50,5680,498,20,4000,20,2951.99,,,,0,,,0,5000,5000,51,12000,51,3,5000,173,2951.99,,5,5950,5,,,0,6796.72,6000,13,7400,40,,,0
AWH,,,19559.17,19500,78,19500,368,,,0,24500,24500,198,24500,208,388,15800,488,8430.92,,100,30000,100,,,0,21286.7,25000,18,25000,82,5,20000,277,8430.92,,,,0,,,0,25000,25000,,,0,,,0
BAC,,,3408.06,3500,633,3500,1393,295,3100,1815,3200,3200,703,3200,703,500,2800,1600,1280.91,,,,0,,,0,3400,3400,482,3400,1628,230,2600,4060,1280.91,,10,2250,10,,,0,3109.51,3500,136,3500,136,40,2650,1770
BAI,,,16021.73,14700,14,16200,2278,372,14700,372,14834.55,16000,1,15000,333,50,14000,70,6821.51,,,,0,,,0,17000,17000,76,17000,232,500,14500,500,6821.51,,,,0,,,0,16266.67,16300,6,16200,52,,,0
BBH,750,2900,2900,2900,100,2900,2117,593,2890,1977,2890,2890,100,2900,9475,1000,2880,2979,2900,2900,154,2900,154,200,2800,252,2900,2900,100,2900,4140,1220,2890,4520,3000,3000,488,3000,1014,124,2000,135,2900,2900,100,2900,15263,844,2890,3075
BCO,,,774.42,775,1610,775,29617,1670,750,15981,765.79,880,2143,880,5814,1500,710,8510,660,660,400,1000,400,200,780,200,760,760,990,766,17237,480,692,12543,640,640,,,0,,,0,803.32,806,160,848,6153,1232,680,5196
BDE,850,2700,2700,2700,100,2700,100,1079,2690,3566,2670,2670,1181,2690,1281,990,2670,3412,2700,2700,190,2800,190,10,879,32,2690,2690,100,2700,2518,517,2690,6618,2700,2700,71,2700,279,90,1800,90,2700,2700,100,2700,101,461,2690,1594
BE,,,2569.51,2200,681,2800,13161,300,1950,11440,1900,1900,335,2490,1523,292,1900,2975,2900,2900,42,2900,142,,,0,2390,2390,2833,2400,10896,1000,2000,10015,1700,1700,18,1700,18,,,0,2366.88,2990,6,2980,236,22,2000,2642
BEA,84,,300,300,15,320,20582,9427,300,24756,378.14,383,1173,383,13683,548,330,13106,250,250,,,0,,,0,498.02,499,1543,499,1851,601,320,15704,250,250,16,400,16,757,250,757,320,320,60,349,2454,1167,320,30454
BER,,,739,739,473,739,29934,1494,450,23495,899,899,107,899,1107,2000,353,18945,400,400,,,0,,,0,598,598,1400,598,30194,1500,452,17248,117.55,,50,551,50,,,0,492.75,353,154,797,5500,3000,325,5000
BFP,,,26000,26000,8,25000,8,,,0,25000,25000,,,0,,,0,20233.02,,,,0,,,0,24000,24000,,,0,,,0,20224.42,,,,0,,,0,25000,25000,,,0,,,0
BFR,,,5200,5200,,,0,83,4500,83,7199.85,6100,50,8000,87,30,6100,280,2515.46,,,,0,,,0,6112.44,5000,3,6500,3,19,5000,243,2515.46,,,,0,,,0,4000,4000,,,0,46,4000,46
BGC,,,840,840,269,840,19500,160,681,17616,793.84,850,400,849,964,500,660,2457,600,600,,,0,,,0,731.5,800,2896,800,5926,1980,610,16506,500,500,200,675,200,,,0,749.09,745,3284,740,11834,19,652,770
BGO,,,4306.7,4310,126,4310,12199,790,3410,8342,3366.45,3960,57,3960,2973,168,2430,2308,2000,2000,70,3000,70,,,0,2660,2660,45,3100,8009,375,2660,5711,2100,2100,70,2800,167,3,2100,100,3568.8,3620,40,3630,2492,5,1800,355
BGS,,,214000,214000,1,214000,9,2,60000,2,228000,228000,3,220000,5,,,0,87625.2,,,,0,,,0,250000,250000,1,220000,2,,,0,87625.2,,,,0,,,0,219514.71,220000,1,219000,19,,,0
BHP,,,5760,5760,46,5770,1111,6,5520,1862,5790,5790,45,5790,917,36,4020,1085,1500,1500,,,0,,,0,5360,5380,8,5380,11556,10,5150,3550,4750,5000,31,5000,150,,,0,6000,6000,23,6000,836,30,4660,365
BID,,,70000,70000,24,69900,238,,,0,60000,60000,53,80000,53,,,0,24575.12,,,,0,,,0,55000,55000,3,70000,253,,,0,24575.12,,49,70000,49,,,0,80000,80000,7,80000,13,,,0
BL,,,6822.52,6870,144,6880,901,1,6010,945,7940,7940,18,7940,279,3,5100,29,4500,4500,,,0,,,0,8029.36,9000,473,9000,512,140,4360,402,2986.7,,10,7500,10,,,0,7491.62,6880,149,6880,494,4,6400,16
BLE,,,2907.63,2990,213,2990,2111,95,1750,595,2250,2250,208,2250,2490,33,1000,33,1804.34,,,,0,,,0,2090,2090,196,2090,3361,255,1400,1393,1804.34,,10,2300,10,,,0,2200,2200,44,2200,682,,,0
BMF,,,32000,32000,70,32000,663,112,28000,612,32500,32500,10,33000,385,,,0,10946.03,,,,0,5,22000,5,30132.27,31000,191,31000,521,11,26500,71,60000,60000,29,60000,29,,,0,31000,31000,5,31000,413,1,20000,1
BND,,,230,230,209,230,209,,,0,325,325,135,325,135,,,0,270.15,,,,0,,,0,323,323,,,0,10,150,10,500,500,,,0,,,0,155,155,,,0,,,0
BOR,,,450,450,556,450,21499,120,300,5120,320,320,578,320,2584,200,230,2826,300,300,,,0,300,225,300,320,320,2174,320,50467,20,300,11382,350,350,100,280,512,50,130,250,350,350,83,349,2868,2000,205,2001
BOS,,,5122.02,7000,155,7000,2181,167,3900,614,5700,5700,,,0,500,4200,1488,3250,3250,,,0,,,0,5967.43,6000,707,6000,707,500,4300,4065,1909.17,,50,4350,50,,,0,6806.81,6200,37,7000,37,40,5900,630
BPT,,,6727.29,6750,150,5850,156,,,0,4380,4380,,,0,,,0,2208.17,,,,0,,,0,10000,10000,555,10000,1651,,,0,2208.17,,,,0,,,0,8657.95,10000,24,10000,34,,,0
BR1,,,824000,824000,9,824000,30,1,700000,1,969000,969000,1,967000,11,2,680000,4,1300000,1300000,,,0,,,0,935000,935000,1,935000,5,1,500000,1,254764.78,,,,0,,,0,949000,949000,,,0,1,450000,1
BR2,,,950000,950000,1,996000,10,1,900000,1,950000,950000,1,975000,6,,,0,1300000,1300000,,,0,,,0,1155176.03,1160000,4,1070000,9,,,0,341875.33,,,,0,,,0,1200000,1200000,1,1300000,1,,,0
BRM,,,247.63,255,2000,255,29866,1700,201,3360,303.49,307,481,307,12802,800,265,2100,320,320,321,320,1201,1000,91,1000,270,270,3064,270,20269,400,190,18980,250,250,,,0,,,0,183.45,150,649,324,3548,,,0
BRO,,,6860,6860,363,6870,3273,71,2210,584,8990,8990,135,8990,372,500,2800,1028,2500,2500,,,0,,,0,4500,4500,,,0,108,4000,2614,830.05,,,,0,,,0,5312.03,8000,50,7500,362,200,2400,1262
BRP,,,4680.79,7000,12,8000,12,,,0,4000,4000,,,0,,,0,2661.34,,,,0,,,0,5500,5500,,,0,,,0,2661.34,,,,0,,,0,6340,6340,,,0,,,0
BRS,,,550000,550000,1,573000,7,1,400000,4,600000,600000,3,588000,5,1,475000,1,128580.32,,,,0,,,0,579000,579000,1,579000,2,1,350000,2,128580.32,,,,0,,,0,590000,590000,1,999000,2,1,400000,6
BSC,,,47043.67,50800,73,50800,1195,100,45100,172,46000,46000,100,54000,760,,,0,14494.9,,,,0,,,0,52000,52000,191,52000,391,,,0,14494.9,,1,52000,1,,,0,50864.73,54700,55,54700,255,5,30000,5
BSE,425,1900,1900,1900,100,1900,56099,2826,1890,11367,1900,1900,100,1900,88986,92,1890,4500,1913.52,2000,100,2000,100,3,1600,65,1900,1900,100,1900,26106,577,1890,13696,2000,2000,985,2000,2121,202,1000,202,1900,1900,100,1900,75715,495,1890,4278
BSU,,,556074.87,,,,0,,,0,850000,850000,,,0,,,0,556074.87,,,,0,,,0,556074.87,,,,0,,,0,556074.87,,,,0,,,0,556074.87,,,,0,,,0
BTA,500,1800,1800,1800,100,1800,100,76,1720,2204,1790,1790,3644,1790,3744,6,1660,687,1590,1590,4,1590,304,200,1580,203,1790,1790,4057,1790,6237,181,1560,7635,1900,1900,53,1900,672,10,1800,94,1800,1800,100,1800,101,250,1710,774
BTS,,,800,800,18,800,30773,1000,500,4239,863.05,900,3000,1000,3200,1000,600,12190,100.35,,,,0,,,0,680,680,4133,680,17662,52,500,4341,529,529,,,0,,,0,500,500,566,500,6843,1000,300,1000
BWH,,,7980,7980,22,7950,50,,,0,9000,9000,19,9000,19,,,0,3005.04,,,,0,,,0,8000,8000,1,8990,6,120,3320,193,3005.04,,,,0,,,0,7500,7500,383,7500,1383,,,0
BWS,,,26933.65,27800,12,27800,747,90,23000,405,26839.95,27000,,,0,3,27000,3,30000,30000,,,0,5,22000,5,29999.31,30900,4,30900,335,2,27200,336,8600.37,,1,23000,1,,,0,29927.03,30000,78,30000,78,2,25800,34
C,225,,1190,1190,1818,1190,120387,166,1180,37006,1160,1160,5633,1160,63967,150,1090,22885,1300,1300,175,1450,1729,17,1300,1081,1280,1280,287,1280,75043,138,1260,59157,941.25,1080,316,1080,5283,1600,800,1600,1100,1100,1838,1100,52129,1708,1020,46008
CA,,,1219.94,1500,,,0,290,300,290,1001.49,1200,2,3900,417,60,300,170,101,101,,,0,,,0,839.93,750,16,1240,326,15,203,3245,991.34,,15,1000,15,,,0,959.29,1500,243,1500,243,2,350,173
CAF,,,1880,1880,737,1890,18083,24,1750,7667,1750,1750,273,1750,24021,5,1670,3933,1000,1000,246,1700,1208,3,1000,103,1970,1970,204,1970,4606,20,1700,8925,1550,1550,237,1550,237,500,1000,500,2400,2400,1174,2400,5366,500,1910,3963
CAP,,,290,290,921,289,10907,1000,220,4586,290,290,650,317,4817,1035,290,2035,142.1,,,,0,,,0,334.7,347,80,347,17128,4855,275,12057,142.1,,100,500,100,,,0,330,330,100,295,578,1000,101,1100
CBL,91000,,91624.58,93000,8,93000,23,10,91200,226,91100,91100,,,0,78,91100,178,91000,91000,,,0,,,0,120000,120000,4,98000,166,10,91300,292,92000,92000,,,0,,,0,91100,91100,10,95000,60,72,91100,172
CBM,63000,,65819.15,65000,9,74600,47,23,65000,153,66801.62,63000,12,69900,388,100,63000,100,29533.97,,,,0,,,0,67063.98,69900,76,69900,182,8,63100,108,29533.97,,5,69900,5,,,0,63100,63100,1,69800,1,50,63100,150
CBS,42000,,42000,42000,289,42900,559,100,42000,100,43800,43800,29,43800,396,100,42000,100,17919.9,,2,49000,7,,,0,42276.48,42000,85,45000,189,100,42000,100,17919.9,,10,43000,10,,,0,42000,42000,10,48900,60,100,42000,100
CBU,,,480000,480000,101,700000,101,10,410000,50,490000,490000,1,699000,61,10,400000,10,174192.88,,,,0,,,0,650000,650000,15,640000,169,10,410000,49,174192.88,,,,0,,,0,500000,500000,130,700000,130,10,410000,60
CC,650000,,650000,650000,,,0,100,650000,100,650000,650000,1,700000,1,100,650000,100,331160.12,,,,0,,,0,650000,650000,5,750000,5,100,650000,100,331160.12,,,,0,,,0,650000,650000,,,0,100,650000,100
CCD,80000,,80000,80000,50,81000,300,100,80000,100,80000,80000,3,84700,496,100,80000,100,27594.74,,,,0,,,0,80082.48,80000,917,80300,1429,100,80000,100,27594.74,,,,0,,,0,80000,80000,3,85000,13,100,80000,100
CD,,,20000,20000,107,23900,117,100,10000,100,25000,25000,99,25000,99,10,20000,10,7893.7,,,,0,,,0,19365.99,20000,10,21000,59,10,17000,10,7893.7,,10,13200,10,,,0,25000,25000,,,0,,,0
CF,,,9000,9000,200,11200,1448,14,9000,921,10041.93,9700,1,10600,579,97,9700,1120,5000,5000,26,9000,26,,,0,9990,9990,,,0,2,9040,2041,7850,7850,,,0,,,0,8880,8880,35,10000,35,5,8880,1156
CHA,,,98800,98800,100,72000,392,5,35000,138,69000,69000,1,69000,10,5,30000,5,21001.5,,,,0,,,0,40000,40000,1,66000,25,5,30000,5,21001.5,,,,0,,,0,12500,12500,5,120000,5,5,30000,5
CL,,,3750,3750,120,3970,11784,1133,3750,4733,3700,3700,210,4440,21489,876,3700,2176,4440,4440,99,4600,509,180,2300,180,4691.33,4700,463,4700,12116,295,3910,3967,8000,8000,97,8000,97,100,4000,100,4000,4000,285,4000,9150,48,3960,4960
CLI,51,,240,240,24398,240,100524,48,215,2654,221,221,188,445,4810,98,221,6910,170,170,180,250,180,246,170,2246,447.65,444,1743,444,5673,36,252,14696,375,375,1500,300,1503,90,200,90,200,200,731,300,2731,2283,200,6810
COF,,,999.29,1000,282,1000,48078,28,955,22454,1100,1100,36,1100,60302,550,911,5570,1050,1050,455,1050,655,,,0,979,979,3821,979,71321,225,940,8101,925,925,2717,925,6261,2998,750,3278,933,933,52,933,10746,46,924,33675
COM,,,133685.55,135000,21,135000,131,5,123000,87,124490.32,125000,6,125000,60,3,117000,78,250000,250000,,,0,,,0,129000,129000,1,129000,160,5,122000,107,116000,116000,,,0,,,0,132689.02,142000,15,142000,20,4,111000,9
COT,,,3679.88,3700,510,3700,8534,9,3640,3743,3500,3500,18,3500,8093,23,3450,523,3000,3000,,,0,,,0,4000,4000,80,4000,16403,35,3600,3055,6000,6000,20,6000,20,,,0,3964.85,3970,1758,3970,3448,40,3150,1392
CPU,,,1426422.52,,,,0,,,0,1426422.52,,,,0,,,0,1426422.52,,,,0,,,0,1426422.52,,,,0,,,0,1426422.52,,,,0,,,0,1426422.52,,,,0,,,0
CQL,,,2257591.28,2290000,4,2290000,10,,,0,1680000,1680000,1,1690000,7,2,1600000,2,1000000,1000000,,,0,,,0,2050000,2050000,2,2000000,5,,,0,638520.44,,,,0,,,0,2100000,2100000,1,2000000,4,,,0
CQM,,,2200000,2200000,10,1900000,13,1,1000000,3,1730000,1730000,1,1750000,5,2,1450000,6,875000,875000,,,0,,,0,1500000,1500000,1,1770000,2,1,663000,3,484121.61,,,,0,,,0,1680000,1680000,4,1680000,5,,,0
CQS,,,1890000,1890000,2,1880000,5,1,860000,2,2000000,2000000,1,2100000,1,1,900000,4,800000,800000,,,0,1,600000,1,1600000,1600000,1,1900000,2,1,950000,1,378967.37,,,,0,,,0,1000000,1000000,1,2000000,1,1,850000,1
CQT,,,409000,409000,1,410000,4,,,0,499000,499000,1,497000,2,1,300000,5,250000,250000,,,0,,,0,500000,500000,1,510000,1,1,102000,5,107765.77,,,,0,,,0,492000,492000,1,493000,2,,,0
CRU,200000,,200000,200000,1,350000,3,100,200000,100,200000,200000,1,299000,2,100,200000,100,139438.87,,,,0,,,0,269000,269000,7,260000,31,1,210000,101,139438.87,,,,0,,,0,139438.87,,,,0,100,200000,100
CST,,,2500,2500,92,2500,92,1,56,1,1900,1900,126,1900,251,4,100,4,2923.84,,,,0,,,0,1000,1000,4,1000,112,,,0,2923.84,,,,0,,,0,2250,2250,87,2250,87,,,0
CTF,,,26639.53,28000,231,28000,1096,10,24000,10,37000,37000,111,31900,312,30,26000,315,16000,16000,,,0,,,0,27800,27800,11,37800,489,20,27800,749,20500,20500,10,60000,10,,,0,34961.11,35000,10,37900,95,30,27000,350
CU,,,1970,1970,14,1970,21273,405,1900,6838,2000,2000,336,2180,4780,2,1520,168,2250,2250,672,2250,672,,,0,1525.53,1500,372,1900,13170,1235,1500,1235,3000,3000,59,3000,59,50,1000,50,2063.53,2070,102,2070,7163,100,1980,1749
CUO,63,,325,325,476,325,21266,165,250,12565,446.99,450,498,459,6910,100,380,7164,163.33,163,222,250,222,,,0,300,300,1300,300,35017,4257,250,10137,600,600,,,0,,,0,464.36,465,505,465,10348,2000,380,2861
DA,,,70000,70000,17,70000,17,7,57000,67,57825.27,60000,58,60000,78,3,48000,43,45000,45000,,,0,,,0,60000,60000,30,65000,30,4,52500,56,26164.14,,,,0,,,0,80000,80000,35,80000,35,,,0
DCH,,,23000,23000,27,23300,661,46,23000,131,23000,23000,5,24400,45,,,0,8996.76,,,,0,,,0,22000,22000,1,24900,104,,,0,8996.76,,,,0,,,0,25400,25400,,,0,,,0
DCL,,,8467.45,8470,1822,8460,3544,50,6000,50,8376.5,8380,26,8380,330,50,5500,50,3482.63,,,,0,,,0,7672.17,7990,65,7990,1998,51,6790,423,3482.63,,10,6790,10,,,0,9946.67,9970,4,9970,420,50,7000,231
DCM,,,5357.05,5400,966,5500,4843,300,5000,3979,5107.27,5110,702,5900,770,172,4700,3068,3500,3500,,,0,,,0,5572.21,5580,111,5560,5472,100,4700,2739,4900,4900,,,0,,,0,6366.67,6400,51,6400,371,4997,4000,5199
DCS,,,2050,2050,104,2240,10442,110,2050,5210,2156.29,2050,246,2450,1248,367,2050,467,1500,1500,,,0,,,0,2350,2350,91,2350,6810,100,2150,4903,1840,1840,,,0,,,0,2631.78,2550,191,2550,191,1000,1950,5086
DD,,,37000,37000,50,38500,86,,,0,37000,37000,9,38900,13,,,0,25000,25000,,,0,,,0,25000,25000,1,40000,6,,,0,26664.98,,,,0,,,0,30000,30000,2,40000,6,,,0
DDT,,,5800,5800,188,5800,6288,108,5550,4886,6002.95,6010,305,6010,4852,65,5450,5854,4000,4000,,,0,10,4810,1060,5800,5800,1092,5800,7848,10,5070,9190,6000,6000,45,5900,345,,,0,5790,5790,155,5790,2169,5,4750,688
DEC,,,38900,38900,9,38900,1579,97,25100,485,27988.5,32000,8,31900,112,100,25100,482,9363.13,,,,0,,,0,34382.52,34500,69,34500,132,89,24200,585,9363.13,,44,40000,44,,,0,38000,38000,2,56700,48,100,23000,601
DIS,,,12000,12000,92,13000,184,10,12000,10,17000,17000,1,16000,60,5,8000,5,9500,9500,,,0,,,0,17000,17000,58,39000,78,,,0,20000,20000,4,20000,4,,,0,20000,20000,24,20000,24,,,0
DOU,,,400000,400000,5,399000,14,,,0,102013.57,,,,0,,,0,102013.57,,,,0,,,0,500000,500000,54,500000,54,,,0,102013.57,,,,0,,,0,275000,275000,,,0,,,0
DRF,,,6270,6270,32,6270,1810,303,5600,1803,15000,15000,35,7440,40,100,5000,100,3015.91,,,,0,,,0,7250,7250,16,7300,16,88,5800,388,3500,3500,,,0,,,0,6200,6200,5,6500,5,,,0
DV,,,13000,13000,7,13000,119,,,0,11823.93,13000,36,13000,86,,,0,15000,15000,,,0,,,0,11900,11900,2,11900,270,,,0,12324.54,,,,0,,,0,14400,14400,4,14400,9,,,0
DW,19,121,121,121,100,121,54100,20,118,361960,121,121,100,121,100,527,120,268888,120,120,6673,120,8215,7000,106,9200,121,121,100,121,233347,5167,119,336130,119.67,120,4750,120,26750,5000,110,18156,119,119,6621,119,205990,3943,118,607233
EBU,,,430000,430000,29,430000,29,10,240000,10,240000,240000,89,430000,91,17,240000,17,90558.97,,,,0,,,0,278000,278000,100,430000,146,10,260000,20,90558.97,,,,0,,,0,300000,300000,52,430000,52,13,260000,13
EDC,8000,,8625.17,15000,4,9000,48,200,8020,1541,8000,8000,205,8100,1238,100,8000,100,11000,11000,,,0,,,0,9500,9500,174,9500,394,100,8000,100,8216.36,,,,0,,,0,8000,8000,,,0,100,8000,100
EES,,,50000,50000,48,59900,1088,50,50000,60,56533.35,57700,1,57700,234,20,54000,40,75000,75000,5,65000,5,,,0,49600,49600,16,60000,16,6,49600,6,48435.5,,,,0,,,0,60000,60000,10,50000,102,4,17500,4
ENG,,,866000,866000,12,858000,66,,,0,810000,810000,1,815000,19,,,0,367068.11,,,,0,,,0,868000,868000,1,868000,19,,,0,367068.11,,,,0,,,0,900000,900000,1,929000,22,,,0
EPO,,,203,203,600,208,499999,9650,203,387332,215,215,7195,215,291023,4400,203,198388,225,225,5000,260,5000,500,100,500,229.63,230,4092,230,220346,10000,188,282580,200,200,3250,200,13550,5000,150,5000,205,205,7300,205,167595,10000,190,152925
ES,,,2093.35,2100,590,2100,1727,6,1810,597,2000,2000,663,2000,4298,6,1600,206,1650,1650,100,2000,100,,,0,2930,2930,99,2930,13460,410,2000,1275,1876.99,,20,1440,20,,,0,4500,4500,41,4500,1335,85,2300,1156
ETC,,,39900,39900,4,39700,344,40,20000,140,30000,30000,1,30000,1,50,20000,70,15000,15000,,,0,,,0,34137.72,40000,33,40000,93,33,15900,273,10273.1,,,,0,,,0,30000,30000,26,30000,168,,,0
EXO,,,388,388,109,388,15931,1000,343,17981,370,370,72,370,2908,88,360,8424,420,420,659,420,1369,40,310,40,375,375,58,375,21081,5,369,25250,306.87,300,43,300,2944,400,250,600,360,360,14,360,16959,57,359,5772
F,,,1000,1000,415,2900,1364,98,353,298,1000,1000,116,1000,116,,,0,1000,1000,181,1000,181,,,0,1428.59,2000,5636,2000,23115,4,762,10985,222.22,,1000,2900,8594,,,0,2029.86,2600,89,1500,2521,20,508,620
FAL,,,2000,2000,11,2030,6199,120,2000,2944,2773,2800,1572,2800,6174,500,2050,2006,1026.64,,,,0,,,0,2800,2800,414,2800,4319,200,2500,5299,1026.64,,10,2730,10,,,0,3700,3700,500,3690,1399,1000,1500,1000
FAN,,,3125.58,3450,100,3300,1537,100,2400,2580,2849.16,2850,14,2850,14,200,2210,1670,972.26,,,,0,,,0,3190,3190,18,3190,1463,193,2210,2041,1000,1000,,,0,,,0,2765.87,3100,183,3100,183,199,2210,1202
FC,,,5850,5850,256,7490,1727,134,5850,3343,7428.78,7900,45,7890,1103,100,6000,1466,2253.14,,,,0,,,0,6017.14,6390,482,6390,4871,100,5100,3227,2253.14,,,,0,,,0,9759.92,10000,11,9980,160,500,4700,520
FE,,,1145.7,1150,6,1150,35470,958,1000,10137,1050,1050,102,1050,20875,946,820,9601,850,850,1309,1200,1309,267,850,1316,969,969,472,969,27246,929,901,9142,856.06,900,112,900,1219,,,0,1030,1030,80,1030,9437,5,851,5924
FEO,32,,153,153,155,153,90515,6231,125,19431,96,96,84,100,57926,763,96,20146,120,120,1000,150,1000,2917,120,3870,100,100,2,100,82916,180,81,42598,120,120,189,120,6580,73,80,73,110,110,38,130,17518,130,110,15659
FET,,,3990,3990,72,3990,8112,1000,2350,4368,3450,3450,200,3500,5277,182,3450,1199,1760.8,,100,10000,100,,,0,3200,3200,219,3200,10130,834,2400,1834,1760.8,,,,0,,,0,4300,4300,1424,4000,5169,8,1000,8
FF,9,24,24,24,100,24,622616,507,23.9,471911,22.4,22.4,3941,22.4,704497,57424,21,287543,23.5,23.5,62804,23.5,63585,95071,23,123998,23,23,5358,23.9,41676,1199,23,440216,23.5,23.5,12000,23.5,33000,1000,21,20056,23.9,23.9,18119,23.9,1098972,1500,21.3,979109
FFC,240000,,339309.89,339000,12,340000,28,100,240000,100,333747.21,333000,1,334000,6,100,240000,100,144217.29,,,,0,,,0,330000,330000,9,330000,16,2,280000,103,144217.29,,,,0,,,0,415833.14,420000,1,430000,1,2,300000,105
FIM,,,3720,3720,520,3720,21877,171,2830,4901,3450,3450,325,3450,8850,223,3020,4723,5500,5500,240,5500,240,100,3350,150,3761.98,3640,140,3630,11598,9,3100,8411,2900,2900,100,7000,100,100,3000,100,3200,3200,41,3200,15537,1951,3020,8920
FIR,,,1200000,1200000,1,1280000,3,2,950000,2,1100000,1100000,4,1250000,9,1,1100000,2,575129.16,,1,1300000,1,,,0,969000,969000,1,1100000,16,2,870000,2,575129.16,,,,0,,,0,1050000,1050000,2,1350000,4,1,1050000,2
FLO,,,21100,21100,254,29500,508,1,2110,1,28000,28000,11,28000,61,,,0,10143.35,,,,0,,,0,19200,19200,10,19200,337,,,0,10143.35,,,,0,,,0,3500,3500,42,29000,135,,,0
FLP,,,1382.14,1470,638,1470,9888,100,500,1874,749,749,412,749,644,70,551,887,800,800,234,800,530,500,300,500,649,649,333,690,8440,860,480,4030,850,850,54,850,104,120,600,120,800,800,13,800,782,30,506,670
FLX,,,278,278,1004,278,113785,124,255,39044,254.37,255,5016,255,87695,8370,210,22158,350,350,100,350,2100,,,0,249,249,954,250,158652,155,249,51553,300,300,1200,300,2526,380,100,380,255.68,245,718,265,26730,340,245,1861
FOD,,,400,400,64,975,195,7297,400,7306,502.86,625,14,625,629,500,500,1000,290,290,,,0,,,0,553.15,685,96,684,1425,475,340,5452,420,420,,,0,372,400,372,350,350,302,455,1283,8942,350,42339
FSE,,,967629.06,997000,1,997000,20,1,800000,1,913548.34,850000,1,987000,15,2,850000,6,425346.38,,,,0,,,0,943000,943000,4,943000,8,,,0,425346.38,,,,0,,,0,948578.87,959000,1,959000,4,1,650000,1
FUN,,,160000,160000,17,249000,21,,,0,140000,140000,30,200000,33,,,0,59586.98,,,,0,,,0,165000,165000,212,165000,214,,,0,59586.98,,,,0,,,0,150000,150000,,,0,,,0
GAL,57,,400,400,610,400,610,1926,100,2636,172,172,1647,245,12167,751,171,23772,150,150,1161,150,8728,,,0,274,274,796,275,40827,60,274,11594,215,215,1100,215,1110,,,0,323,323,73,323,32496,323,160,67878
GC,,,468.42,489,348,489,23918,547,410,9059,497.51,498,257,498,4155,2000,415,2896,153.66,,,,0,,,0,420,420,7,430,14846,1660,420,12810,350,350,,,0,30,350,30,400,400,2428,500,2904,480,400,2570
GCH,,,14500,14500,2,14500,2,,,0,20000,20000,48,16000,50,,,0,20162.33,,,,0,,,0,25000,25000,5,40000,7,,,0,20162.33,,1,20200,1,,,0,10000,10000,,,0,,,0
GEN,,,240000,240000,1,245000,17,1,164000,1,200000,200000,7,200000,13,,,0,251289.75,,,,0,,,0,240000,240000,1,240000,5,1,163000,1,251289.75,,,,0,,,0,210000,210000,3,210000,3,5,160000,5
GIN,,,1800,1800,1197,1940,7183,466,1800,3221,1900,1900,21,1900,5686,1661,1610,3108,3000,3000,12,3000,630,,,0,2015.11,1930,13,1930,17418,175,1800,3896,1300,1300,500,3200,530,400,1300,400,2000,2000,13,2000,13572,8,1850,1973
GL,,,480,480,5237,480,49231,1140,376,142452,420,420,3859,420,63924,100,332,106110,700,700,3327,400,3869,,,0,335,335,2115,420,71697,271,335,171637,390,390,215,390,2214,23,300,23,300,300,100,365,31569,2800,300,110944
GNZ,,,8000,8000,,,0,,,0,32000,32000,1,25000,21,,,0,43211.3,,,,0,,,0,150,150,,,0,,,0,43211.3,,,,0,,,0,43211.3,,10,60000,10,,,0
GRA,,,4638.43,5000,977,5000,977,2,4500,1208,5000,5000,951,5000,951,2,3500,772,4200,4200,,,0,,,0,4350,4350,690,4350,6690,30,3610,2003,3290,3290,,,0,,,0,9000,9000,661,9000,699,75,3110,3475
GRN,86,,481,481,468,481,97499,1000,407,36228,499,499,81,499,236,968,400,23665,450,450,478,499,759,,,0,639,639,236,639,13901,200,460,53803,395,395,79,395,79,325,350,544,598,598,386,598,24962,243,462,56384
GV,,,2970,2970,13,2970,637,1000,2500,6158,2500,2500,95,2790,3006,184,2500,334,1032.55,,,,0,,,0,2463.9,2540,89,2540,4972,587,2100,1687,2440,2440,7,2440,7,,,0,2000,2000,22,4900,89,492,2000,492
GWS,,,11000000,11000000,1,12400000,6,1,10100000,1,11000000,11000000,1,13000000,1,1,11000000,1,5335433.85,,,,0,,,0,13000000,13000000,1,13000000,2,,,0,5335433.85,,,,0,,,0,13000000,13000000,1,13000000,1,2,11000000,2
H,50,,130,130,1188,130,185047,2938,129,172968,128,128,1111,128,152514,74603,125,136830,110,110,,,0,676,110,5676,138,138,1600,138,76053,40,122,98247,154.06,155,600,155,3100,500,140,18897,110,110,6439,117,223427,156,110,291455
H2O,10,,63.7,63.7,4440,63.7,3185594,61619,61.7,554535,63.7,63.7,14334,63.8,145940,41927,61.8,173602,65,65,9750,65,38807,400,52.1,40338,62,62,3987,62,424316,13183,60,460001,46.16,47,9000,47,53700,20000,41,27409,65.4,65.4,9882,65.4,762658,2000,63.3,157232
HAB,,,146205.5,160000,,,0,10,120000,10,120644.56,135000,7,135000,7,30,105000,48,53399.55,,,,0,,,0,127264,134000,,,0,10,100000,10,53399.55,,,,0,,,0,125000,125000,,,0,20,100000,20
HAL,75,,375,375,1820,375,55432,200,320,88948,340,340,48,430,75203,280,340,8963,352.96,400,2950,400,3200,500,280,1963,350,350,800,350,90246,50,291,28644,336.61,350,1075,350,1075,100,250,100,318,318,47,389,67026,950,318,20839
HAM,,,7000000,7000000,,,0,,,0,6900000,6900000,1,5750000,1,,,0,2823502.44,,,,0,,,0,5750000,5750000,1,5750000,2,,,0,2823502.44,,,,0,,,0,2823502.44,,,,0,,,0
HCB,,,4180000,4180000,2,4100000,7,,,0,4271520.88,4380000,1,4380000,7,2,3800000,3,1709085.34,,,,0,,,0,4000000,4000000,1,4000000,6,,,0,1709085.34,,,,0,,,0,5000000,5000000,1,4370000,1,,,0
HCC,,,780.27,840,2849,840,15019,1000,720,9262,728.15,700,1850,765,16804,1500,700,2500,640,640,,,0,,,0,815.62,898,540,898,3190,2000,700,9740,620,620,200,670,400,,,0,712.89,650,3870,745,10093,970,650,1470
HCP,88,,459,459,1141,459,101689,8000,411,26351,411,411,62,411,23264,4,321,11689,350,350,,,0,,,0,401,401,390,489,27439,984,401,38758,325,325,,,0,514,300,514,428,428,263,428,20520,500,405,106793
HD,,,4380,4380,125,4380,1196,10,3850,293,4500,4500,30,4490,350,30,3900,1040,1599.62,,50,4000,50,,,0,3880,3880,68,3880,3502,114,3400,1564,1599.62,,,,0,,,0,4459.62,4500,6,4400,8,50,3800,476
HE,75,,205,205,67,205,102332,15,190,123506,290,290,913,290,11514,20,270,7859,350,350,213,350,213,,,0,230,230,492,230,93797,500,126,31540,160,160,580,250,580,200,90,200,239,239,46,239,24373,4,225,13053
HE3,,,500,500,392,500,31146,1000,220,2571,450,450,3978,450,5245,1000,440,6396,0.32,0.32,,,0,,,0,500,500,240,500,4077,1400,285,17466,500,500,20,942,20,44,500,454,480,480,1360,480,6960,200,350,5320
HER,,,4300,4300,40,4540,15307,303,4300,12573,4000,4000,259,4470,1936,2,3810,5386,2000,2000,,,0,720,3800,1220,4800,4800,246,4800,9494,300,4110,7430,2400,2400,,,0,200,3000,400,4450,4450,44,4450,6032,627,3900,19387
HEX,,,2000,2000,13403,2000,20627,1,80,1,200,200,70,500,7169,,,0,41.14,,,,0,,,0,2000,2000,3306,2000,3306,,,0,41.14,,,,0,,,0,2000,2000,1671,2000,1671,,,0
HHP,,,8000,8000,,,0,,,0,10000,10000,5,8900,5,,,0,3360.4,,,,0,,,0,5000,5000,58,5000,61,,,0,3360.4,,,,0,,,0,10000,10000,,,0,,,0
HMS,,,2050,2050,764,2050,33450,12,1900,6483,1820,1820,5032,1900,16813,148,1820,1148,3400,3400,94,3400,113,,,0,1820,1820,8,1820,9509,1392,1810,4779,2063.9,2300,197,2300,734,,,0,1930,1930,1068,1930,8001,200,1650,4603
HNZ,,,75000,75000,,,0,,,0,90000,90000,29,90000,29,,,0,99221.11,,,,0,,,0,99221.11,,,,0,,,0,99120.1,,,,0,,,0,99221.11,,,,0,,,0
HOG,,,7210,7210,105,9990,109,92,7210,401,9958.04,10400,13,10400,174,,,0,3905.03,,,,0,,,0,18000,18000,10,16000,30,,,0,500,500,19,7500,19,,,0,9700,9700,5,15000,5,,,0
HOP,,,3500,3500,182,3500,2332,5,3220,6785,3700,3700,106,3700,1724,5,3210,2478,2400,2400,,,0,,,0,4080,4080,119,4080,2695,21,3030,7109,2620,2620,,,0,,,0,3820,3820,73,3820,2630,50,3500,1450
HPC,,,39900,39900,15,38000,425,100,35000,400,35000,35000,,,0,96,35000,116,13101.5,,,,0,,,0,38900,38900,20,38900,240,100,35000,158,28000,28000,,,0,,,0,40000,40000,10,40000,20,10,36000,110
HPR,,,1300000,1300000,1,2000000,1,,,0,1440000,1440000,1,1370000,5,,,0,1750000,1750000,,,0,,,0,1700000,1700000,1,1490000,4,1,1250000,1,743176.26,,,,0,,,0,1490000,1490000,1,1490000,2,,,0
HSE,,,16400,16400,214,16400,2920,1,15500,900,16500,16500,388,16500,1204,50,16000,113,17500,17500,67,17500,113,,,0,16400,16400,12,16300,835,250,13200,1049,16000,16000,2,16000,2,30,5000,30,17091.67,17500,33,17500,260,474,13700,775
HSS,,,3420,3420,863,3420,2620,6,2670,2116,3090,3090,971,3090,1520,4,2910,1635,2500,2500,,,0,2000,2000,2000,3240,3240,869,3240,4045,29,2710,3909,2500,2500,210,2500,230,,,0,3370,3370,8,3370,1118,30,2900,1079
HTE,,,4490000,4490000,1,4000000,4,1,2000000,2,4350000,4350000,1,4350000,3,,,0,1699123.8,,,,0,,,0,4300000,4300000,1,4000000,6,,,0,1699123.8,,,,0,,,0,5000000,5000000,1,5000000,1,,,0
HYR,,,4050000,4050000,1,4050000,4,,,0,3440000,3440000,3,3440000,4,,,0,1418066.88,,,,0,,,0,5000000,5000000,1,4000000,5,,,0,1418066.88,,,,0,,,0,2870000,2870000,,,0,,,0
I,,,1643.2,2100,736,2100,1538,50,760,1150,1782.9,1790,278,1790,708,1700,1300,7197,1500,1500,100,1000,100,,,0,2240,2240,179,2240,1827,79,1100,4046,1110,1110,,,0,30,1000,30,2340,2340,273,2340,519,500,702,700
IDC,11000,,11139.4,11000,59,11100,845,100,11000,100,11000,11000,2096,11100,2205,100,11000,100,10324.98,,,,0,,,0,11011.94,11000,73,11100,2938,100,11000,100,10324.98,,10,15400,10,,,0,11016.16,11000,84,11100,179,100,11000,100
IMM,,,100000,100000,11,125000,20,,,0,135000,135000,3,135000,35,6,110000,16,68316.59,,,,0,,,0,137500,140000,,,0,8,90000,13,68316.59,,,,0,,,0,100000,100000,,,0,7,100000,7
IND,,,5556.32,5560,192,5530,2275,5,3910,1073,4500,4500,2,4500,703,100,3500,100,1977.51,,,,0,,,0,4790,4790,78,4790,5271,472,4000,2066,5000,5000,24,7000,24,,,0,3723.17,4040,31,4970,569,10,3000,11
INS,,,199,199,19720,199,724242,2500,177,274916,200,200,23891,200,376119,50,190,288654,200,200,3780,200,13780,,,0,183,183,3845,183,454395,4626,162,316836,185,185,3582,190,22317,1000,100,1000,200,200,122003,200,299141,301,180,271214
JUI,,,2,2,98,25000,99,284,2,384,40000,40000,29,100000,309,500,1,500,1102.27,,280,100000,280,,,0,1,1,1,99000,1,1,1,2,1102.27,,,,0,,,0,30000,30000,118,30000,121,,,0
KOM,,,1180,1180,1583,1180,24316,66,962,8009,1000,1000,5,1000,24507,2779,921,8148,1300,1300,361,1600,761,412,1300,1412,1070,1070,836,1070,47895,9633,1020,44099,1389.05,1300,145,1300,145,1000,1200,4050,999,999,339,998,31419,41,970,22956
KR,,,130,130,8498,131,39154,2000,100,2000,50,50,565,118,50046,,,0,133.33,,13725,110,14045,,,0,138,138,4900,138,61823,,,0,133.33,,,,0,,,0,151,151,1000,99,29639,,,0
KRE,,,15000,15000,502,15000,639,,,0,15000,15000,150,13900,1434,,,0,15423.41,,,,0,,,0,13800,13800,27,12500,1642,,,0,15423.41,,50,12000,50,,,0,15000,15000,22,15000,22,,,0
KV,,,32500,32500,496,32500,1898,100,31000,735,33000,33000,98,33000,298,9,26100,683,30000,30000,,,0,,,0,31800,31800,291,31800,1568,176,27800,1610,34000,34000,11,34000,11,,,0,30500,30500,121,30500,486,20,28800,829
LBH,,,6100,6100,171,6100,5858,30,5130,3082,6027.32,6090,17,6090,3869,50,4510,361,6000,6000,46,6000,46,,,0,5945.83,5950,29,5950,4742,2,4510,1637,5920.98,6000,488,6000,2732,82,4000,82,6676.67,6700,38,6700,429,10,5310,1086
LC,,,7930,7930,49,7930,191,100,7500,790,7720,7720,77,7720,1095,100,7000,595,3180.05,,24,9000,64,,,0,7365.87,8000,952,8000,2356,100,7500,1529,3180.05,,10,5000,165,,,0,7990,7990,4,7990,692,100,6000,130
LCB,,,800000,800000,1,819000,25,1,640000,6,753138.46,730000,3,856000,12,,,0,352370.59,,,,0,,,0,599528.31,500000,1,750000,17,1,317000,3,352370.59,,,,0,,,0,828000,828000,1,827000,12,1,501000,1
LCR,,,4000,4000,15,4000,56,100,1800,100,3500,3500,11,6000,11,10,3300,110,2948.66,,53,7370,53,,,0,5790,5790,40,5790,42,35,2120,93,2948.66,,,,0,,,0,7000,7000,35,6500,167,,,0
LD,,,11911.91,11700,165,12200,1793,91,11700,540,12000,12000,13,12000,13,98,10000,140,5116.13,,,,0,,,0,13500,13500,55,13500,95,62,11000,115,5116.13,,,,0,,,0,12000,12000,,,0,100,11000,210
LDE,,,15900,15900,2,15900,1519,150,13200,3816,21000,21000,1,21000,976,2,14000,1052,18000,18000,238,18000,238,300,12800,300,16000,16000,204,16000,1109,146,13000,4330,17000,17000,,,0,10,6500,10,14800,14800,34,14800,775,3,13900,1403
LDI,,,735,735,304,735,2141,250,125,850,498.8,499,168,495,1969,910,460,937,282.87,,,,0,,,0,499,499,12031,499,26889,,,0,375,375,20,740,20,,,0,521,521,115,521,2077,500,250,500
LES,,,733.68,900,54,900,4707,411,500,411,351,351,10,1100,414,50,350,150,228.57,,100,1100,300,,,0,750,750,183,866,10645,194,750,3194,228.57,,,,0,,,0,1300,1300,34,1490,253,60,601,60
LFE,,,335843.16,330000,4,339000,42,2,220000,12,293817.91,299000,16,299000,23,1,200000,11,75323.07,,,,0,,,0,250000,260000,40,280000,54,5,200000,15,75323.07,,,,0,,,0,250000,250000,8,250000,33,2,200000,5
LFL,,,505197.06,499000,20,497000,41,,,0,510000,510000,1,489000,8,5,300000,16,156612.6,,,,0,,,0,360000,360000,1,380000,10,2,260000,3,156612.6,,,,0,,,0,509000,509000,1,519000,2,1,250000,1
LFP,,,8700,8700,,,0,63,8700,63,3000,3000,113,8000,226,,,0,7378.11,,,,0,,,0,10000,10000,100,15000,150,9,7500,9,7378.11,,,,0,,,0,14500,14500,43,14500,93,,,0
LHP,,,4035.41,4100,34,4100,5589,100,3100,2657,4521.7,3900,384,4500,3176,986,3900,1218,5500,5500,90,5500,90,,,0,4694,4700,273,4700,9282,100,3520,3020,5000,5000,30,4200,90,,,0,3936.83,3940,494,3940,4025,50,3260,1033
LI,,,1600,1600,4572,1600,25779,300,1570,15494,1723.88,1750,286,1750,20903,1000,1650,1910,1200,1200,152,2100,152,,,0,1880,1880,500,1960,9281,1931,1450,4411,2190,2190,,,0,50,1000,50,1530,1530,456,1920,1798,4984,1530,5734
LIO,,,366,366,3885,367,83863,10000,310,15173,331.71,345,454,367,18336,2000,222,4600,200,200,42,200,1568,,,0,398,398,783,398,32986,468,320,19538,250,250,721,330,721,69,100,69,354.7,398,156,398,12251,1441,280,4741
LIS,450000,,450281.25,450000,1,520000,6,100,450000,100,541191.69,545000,2,545000,21,4,451000,104,256217.67,,,,0,,,0,600000,600000,5,550000,8,2,453000,181,256217.67,,,,0,,,0,600000,600000,,,0,2,452000,104
LIT,,,24400,24400,452,30000,452,188,24400,189,19000,19000,,,0,,,0,13530.98,,,,0,,,0,24000,24000,18,29500,21,,,0,13530.98,,,,0,,,0,18800,18800,,,0,,,0
LOG,68000,,68062.78,68100,39,68100,630,100,68000,100,68000,68000,48,70000,73,100,68000,107,65000,65000,,,0,,,0,73900,73900,2,73900,1063,100,68000,100,69700,69700,,,0,,,0,71837.29,75000,43,75000,43,100,68000,120
LSE,,,13400,13400,29,13500,995,4,12200,1945,14500,14500,535,14500,735,200,12000,712,15000,15000,96,15000,96,,,0,13500,13500,470,13500,2849,4,10800,2694,13000,13000,30,14000,82,50,7900,100,14800,14800,11,14800,422,10,13100,803
LSL,,,480000,480000,1,450000,16,,,0,486000,486000,4,487000,6,,,0,223532.01,,,,0,,,0,490000,490000,2,420000,3,,,0,223532.01,,,,0,,,0,494000,494000,2,468000,7,,,0
LST,34,,194,194,6379,194,232507,2997,166,41698,200,200,2441,200,78924,20,170,104027,180,180,308,139,308,,,0,231.37,200,46,200,50521,100,182,41421,137.1,125,715,150,16079,1000,115,2334,163.4,166,233,166,79892,683,140,61213
LTA,,,5300,5300,712,5400,3744,41,4530,2449,5150,5150,1733,5150,6080,53,4100,163,5700,5700,236,5700,420,280,4000,280,4700,4700,30,4700,4603,166,4400,2371,4500,4500,24,4500,297,67,3400,67,4860,4860,26,4860,1616,5,4030,886
LU,,,149535.71,150000,9,150000,9,,,0,100000,100000,6,130000,16,24,100000,24,62139.35,,,,0,,,0,90100,90100,4,140000,4,1,90100,40,62139.35,,,,0,,,0,120000,120000,3,120000,3,,,0
MAG,87,,87,87,47,499,6982,100,87,100,500,500,379,500,652,100,87,100,117.55,,14,300,14,,,0,242.72,170,484,310,5988,281,170,2881,117.55,,10,350,10,,,0,141.73,233,35,233,96,324,90,424
MAI,86,,494.44,495,3034,495,19551,1702,401,14476,479,479,925,479,9626,1788,425,23922,400,400,,,0,,,0,495,495,688,495,24571,2000,450,50001,310,310,,,0,,,0,410,410,132,449,15179,11,410,18937
MB,,,9746.12,9450,281,9450,2272,200,8760,1818,9200,9200,25,9200,345,200,9010,1531,8000,8000,,,0,,,0,9420,9420,159,9400,3188,18,8600,587,8400,8400,,,0,,,0,10200,10200,231,10200,316,200,8210,902
MCB,,,510000,510000,1,520000,1,,,0,510000,510000,1,520000,1,1,350000,1,174463.1,,,,0,,,0,354256.1,450000,1,480000,7,,,0,174463.1,,,,0,,,0,517000,517000,1,499000,3,,,0
MCG,12,39,36.9,36.9,100,39,85458,76,36.9,122415,38.6,38.6,400,38.6,560295,7500,35.3,195789,39,39,2960,39,2960,5000,35,7540,39,39,100,39,100500,50000,36.1,448614,22,22,13551,22,259968,,,0,39,39,100,39,37101,2000,20,256303
MEA,,,4600,4600,218,6500,13440,100,4550,4239,5680,5680,270,5680,2338,97,5200,1395,3800,3800,20,7000,20,,,0,6050,6050,28,6050,3884,500,5260,10442,5000,5000,20,3900,36,,,0,5500,5500,20,5500,3121,1000,4500,4611
MED,,,1530,1530,141,1530,42889,12,1340,7237,1450,1450,286,1450,22517,1709,1380,4159,1700,1700,2166,1700,2617,189,1300,189,1480,1480,2985,1480,36968,2881,1360,9675,2600,2600,3,2600,53,100,1110,121,1460,1460,380,1460,15968,2170,1350,8740
MFE,,,155132.48,155000,2,154000,132,,,0,125000,125000,5,120000,116,12,110000,12,43967.34,,,,0,,,0,156750,158000,1,140000,109,4,60000,4,43967.34,,,,0,,,0,157530.66,135000,40,160000,52,,,0
MFK,,,365,365,59,365,33634,2000,213,110000,389,389,559,389,36422,979,230,108295,420,420,1000,395,2976,,,0,347,347,14,347,44385,178,310,122102,399,399,342,399,836,,,0,380,380,3377,380,7763,88,310,105185
MFL,,,190000,190000,1,189000,24,1,124000,1,191220.92,195000,1,198000,3,,,0,78679.64,,,,0,,,0,158000,158000,1,158000,25,,,0,78679.64,,,,0,,,0,199000,199000,1,210000,7,,,0
MG,,,138.35,139,1940,139,78411,410,102,66462,95,95,330,95,126913,5045,91.1,101291,90,90,4400,90,24400,,,0,118,118,1180,118,316427,100,91.1,113553,100,100,3024,100,5347,1000,50,1000,100,100,858,125,36163,980,97.5,10420
MGC,,,33000,33000,5,33000,25,1,3300,1,13800,13800,2,13900,107,,,0,8511.92,,105,17000,110,,,0,5000,5000,48,5000,259,,,0,20000,20000,26,20000,26,,,0,10347.47,14000,6,14000,54,,,0
MGS,41,,246,246,19,246,11550,936,245,10594,275,275,612,275,6223,422,212,1839,170,170,7500,200,10000,,,0,182.25,180,579,305,30346,84,180,8184,214.8,220,823,220,1384,,,0,216,216,1738,330,1869,389,216,5328
MHL,,,6335.96,7390,150,7390,3737,183,5200,2183,5890,5890,365,5890,1879,272,5210,1472,2700,2700,136,7000,736,,,0,5545.7,5570,124,5570,6212,128,5210,2539,7000,7000,115,7000,115,,,0,6490,6490,159,6490,4627,16,4500,187
MHP,,,6993.17,7000,,,0,2,3000,1002,6800,6800,84,6800,184,,,0,4800,4800,,,0,,,0,4000,4000,24,8000,24,,,0,2094.13,,10,5000,110,,,0,6900,6900,50,6900,50,15,3200,87
MLI,,,26613.69,26000,10,26900,387,2,26100,493,25286.22,26000,9,26000,85,39,17000,39,10232.26,,,,0,,,0,27627.99,27000,41,28000,41,8,27000,216,10232.26,,,,0,,,0,30000,30000,,,0,43,22300,72
MPC,,,2100,2100,959,2100,9216,73,1500,73,2500,2500,495,2500,8211,442,1700,1842,656.31,,,,0,,,0,2098.7,1900,190,2380,3869,856,1900,2471,400,400,10,2600,10,,,0,2936.4,2890,487,2890,4709,,,0
MSL,,,299000,299000,1,300000,16,1,260000,6,377698.06,380000,1,384000,2,1,360000,12,90378.24,,,,0,1,140000,1,360336.71,360000,1,300000,14,1,225000,3,90378.24,,,,0,,,0,344000,344000,1,344000,7,,,0
MTC,,,450,450,163,1980,219,1586,450,1588,4900,4900,208,4000,208,,,0,447.31,,,,0,,,0,1000,1000,200,1990,9416,2000,60,4000,447.31,,,,0,,,0,4000,4000,55,4000,55,,,0
MTP,,,1700,1700,1847,1700,28159,5,1510,5158,1502.79,1500,841,1700,4743,118,1500,204,3000,3000,,,0,,,0,1690,1690,2008,1690,29926,10,1440,2006,1023.48,,,,0,,,0,1900,1900,70,1900,5552,1000,1500,1000
MUS,,,281,281,219,329,28918,4,281,19530,369.32,370,2215,370,3610,2000,335,24068,170.36,,,,0,,,0,374.81,387,437,387,22028,50,301,16751,316,316,,,0,,,0,370.89,372,55,372,14799,19,330,12790
MWF,,,266,266,3590,324,17187,661,266,101688,290,290,200,300,3772,2000,111,102518,300,300,,,0,,,0,274.45,240,1176,300,19668,1200,240,103200,187.11,,100,410,100,,,0,200,200,200,451,9032,150,250,100650
N,33,,102,102,30869,102,379370,2000,97.6,149899,103.04,105,28129,105,235793,4972,75,12428,150,150,100,180,4600,1000,100,1500,97.9,97.9,4501,97.9,492907,100,92.6,94420,190,190,1976,170,12282,300,120,1140,91.5,91.5,1757,107,268313,3243,91.5,348092
NA,25,,25,25,1000,29,238371,100,25,100,25,25,207,25.2,30053,100,25,100,30,30,1647,30,1647,412,1.1,5546,25,25,24,25.5,154793,100,25,100,1,1,332,10,6010,4674,1,4674,25,25,7347,25.8,143536,100,25,100
NAB,,,199.14,200,1206,200,2435,310,199,310,171.02,175,249,175,18164,1436,160,11499,150,150,62,350,62,,,0,150,150,3077,150,23073,580,101,11580,140,140,1170,300,1170,1000,100,1180,175.83,250,975,479,6975,868,207,968
NCS,,,42,42,27083,42,1656716,121643,35,121643,40.07,42.4,45433,42.4,705770,40920,36,50832,72,72,992,90,1992,,,0,36,36,180,36,3447135,61926,35,561926,42,42,2700,42,2705,,,0,48,48,27220,48,203561,6000,34.3,147500
NE,150,,375,375,1155,375,12756,2000,256,5831,400,400,778,400,8133,300,311,1825,400,400,,,0,,,0,380,380,434,380,3311,100,270,2999,200,200,2000,200,6488,,,0,408.69,419,1318,419,18653,67,239,3480
NF,,,8073.7,7000,10,9000,62,1,7000,1,8500,8500,25,8500,149,,,0,5116.13,,,,0,,,0,6000,6000,144,6000,375,,,0,5116.13,,,,0,,,0,10000,10000,2,20000,2,,,0
NFI,,,18.8,18.8,6564,18.8,899652,19356,15.5,909756,14.06,14,2414,17.7,542976,90170,14,190170,15,15,,,0,,,0,18.4,18.4,74586,18.4,2061365,20000,16.6,1521560,18,18,4800,18,14800,,,0,16.7,16.5,106439,16.5,492917,10000,12.1,210000
NG,,,2790,2790,328,2790,15923,890,1700,4097,1513.35,2500,495,2500,2690,,,0,1300,1300,60,1300,60,,,0,1674,1790,166,1790,4838,275,1300,3300,950,950,76,4000,76,,,0,2227.66,2400,100,2590,1120,789,800,789
NL,,,8586.14,8590,26,8590,10639,126,6910,4645,8307.14,8350,9,8350,2819,300,5970,2414,6300,6300,50,8700,50,100,6500,100,7200,7200,1,7500,5483,44,7200,2597,7066.39,8000,,,0,,,0,7960,7960,150,7960,2630,50,7000,2184
NN,,,60000,60000,77,62800,485,459,60000,459,63900,63900,28,63900,88,100,58100,110,30000,30000,,,0,,,0,64205.95,64000,25,65000,63,90,61000,271,29378.31,,,,0,,,0,66000,66000,,,0,100,57100,194
NOZ,,,65000,65000,,,0,5,65000,62,68000,68000,12,95000,18,10,65000,40,43575.34,,,,0,,,0,100000,100000,9,100000,9,10,65000,55,43575.34,,,,0,,,0,100000,100000,,,0,10,65000,10
NR,,,430,430,50,439,148444,250,420,75950,419,419,2615,419,87165,1000,394,13250,600,600,10000,500,20000,,,0,458,458,378,458,210771,25000,399,67700,400,400,1300,470,1300,,,0,426.4,664,375,664,15713,10000,371,50600
NS,,,396,396,1417,396,70064,2991,375,37991,379,379,272,379,59014,40,281,882,500,500,4000,392,9594,,,0,450,450,771,450,62950,1000,401,47347,400,400,49,450,49,968,335,968,350,350,480,350,122301,500,340,10346
NST,,,2970,2970,72,2970,1414,13,2960,371,2870,2870,99,2870,467,500,2000,500,1200,1200,16,2500,66,,,0,2630.56,2350,125,2350,1634,100,1520,613,1570,1570,202,2500,202,50,1000,50,2980,2980,888,2980,1806,10,1550,75
NUT,88,,400,400,1972,400,15481,122,390,37326,439,439,835,439,7302,55,425,32357,300,300,,,0,,,0,383,383,1398,478,7329,471,383,9912,275,275,200,310,200,749,275,749,395,395,38,395,21486,5000,360,47144
NV1,135000,,175000.34,180000,17,180000,58,3,136000,213,165928.89,150000,1,210000,26,1,150000,106,93565.95,,,,0,,,0,186490.21,136000,1,210000,9,100,135000,100,93565.95,,,,0,,,0,135000,135000,2,250000,7,100,135000,100
NV2,200000,,200933.68,200000,1,208000,8,100,200000,100,220000,220000,4,275000,24,9,220000,109,130116.94,,,,0,,,0,200000,200000,100,289000,112,100,200000,100,130116.94,,,,0,,,0,220000,220000,3,220000,14,1,201000,101
O,32,,110,110,4889,110,339173,480,108,1098454,116,116,3189,116,170267,79183,107,117737,130,130,3292,130,15588,5000,100,7000,125,125,4249,125,247853,100,123,199839,137.26,140,3900,140,8100,600,125,8297,114,114,6780,114,208142,757,110,91622
OFF,,,132,132,210,132,97817,1200,113,50711,130,130,8110,130,60391,5000,90,9497,155,155,10000,130,12020,,,0,150,150,460,150,39525,2650,120,35970,130,130,,,0,1000,50,1000,128,128,1747,128,74687,10000,100,51235
OLF,,,1890,1890,,,0,60,1050,2056,3000,3000,53,3000,113,120,1050,120,949.58,,,,0,,,0,3000,3000,,,0,170,1100,664,949.58,,60,2000,60,,,0,2906.9,2800,60,4000,60,140,2800,784
OS,,,64000,64000,75,64000,75,50,51000,137,54900,54900,16,54900,41,,,0,45000,45000,,,0,,,0,60069.01,63900,29,63900,92,2,56000,374,30272.32,,,,0,,,0,65000,65000,15,65000,15,,,0
OVE,40,153,145,145,275,145,26821,30,144,30611,149,149,4314,149,38418,10,141,114576,150,150,1006,150,1006,1926,145,2546,153,153,100,153,33546,29,146,51340,151.55,153,,,0,50,110,9499,152,152,7653,152,29381,17484,149,65727
PBU,,,22755,22800,70,22800,250,,,0,22656.28,22900,269,22900,346,49,18100,60,8070.62,,,,0,10,808,10,23279.17,23200,8,23200,87,100,18000,105,8070.62,,,,0,,,0,19947.53,20000,3,20000,604,100,16000,100
PCB,,,2670,2670,978,2670,14169,5193,2600,9298,2700,2700,284,2700,4932,100,2500,3030,2300,2300,,,0,,,0,2710,2710,284,2710,4473,2973,2600,7862,802.42,,,,0,,,0,2750,2750,267,2750,3640,63,2550,1021
PDA,,,3600,3600,84,3600,1535,6,2740,321,3400,3400,669,3400,1141,20,2800,260,5000,5000,43,5000,43,50,2200,50,3625.43,3700,23,3700,423,43,2800,1332,2550,2550,354,4500,354,,,0,3500,3500,81,3500,663,50,2850,167
PE,,,13.29,13.5,74880,13.5,3148198,9057,12.5,2124354,11.2,11.2,9576,12.2,5856496,18800,11.2,2256020,12.04,12.1,5000,12.1,205000,,,0,13.2,13.2,24840,13.2,2962963,48340,11.8,2479878,10.1,10.1,5747,10.1,171509,10000,10,60000,12.6,12.6,188940,12.6,3229346,400,11.5,1737515
PFE,,,982.27,990,300,990,2067,2000,810,2294,900,900,3370,900,7012,,,0,825,825,280,825,280,,,0,937.03,1080,60,1080,710,1900,900,3999,1150,1150,270,800,270,119,500,119,933.41,850,30,929,2777,470,850,650
PFG,,,4500000,4500000,2,4500000,2,,,0,2000907.92,,,,0,,,0,2000907.92,,,,0,,,0,3690000,3690000,,,0,,,0,2000907.92,,,,0,,,0,2000907.92,,,,0,,,0
PG,,,58.3,58.3,6617,58.3,462628,480,56.1,248483,55.5,55.5,2366,55.5,148888,85,53.6,315287,57,57,666,57,10748,50000,48,50000,59.9,59.9,933,59.9,1071201,20000,56.4,884923,50,50,11077,50,71660,13000,48,13000,59.1,59.1,8680,59.1,439425,200,52.3,92327
PIB,,,1123.29,501,1,2990,29,76,501,156,1746.17,2100,20,2050,35,5,800,1356,1500,1500,53,2000,53,,,0,1271.79,1250,5,2100,5,100,150,100,549.19,,,,0,,,0,1500,1500,175,1500,191,100000,0.01,100000
PK,,,2200,2200,102,2200,335,,,0,999,999,160,999,1470,,,0,832.61,,,,0,,,0,1000,1000,2,1200,2,999,450,999,832.61,,,,0,,,0,1940,1940,58,1000,58,,,0
POW,6000,,9500,9500,180,9900,3590,124,9210,1318,9971.5,9980,157,9980,3983,10,8590,678,9500,9500,50,9500,90,,,0,10116.36,10900,437,10900,2104,1134,10000,2775,13000,13000,,,0,,,0,10800,10800,13,10800,14,10,8200,853
PPA,,,350,350,703,350,1248,56,340,11664,356.81,370,32,360,7367,846,320,3250,300,300,,,0,,,0,299.7,320,27,320,8866,,,0,220,220,,,0,990,220,990,321.57,333,7,333,1273,5314,300,5314
PSH,,,10000,10000,187,10000,2323,100,9000,100,10000,10000,29,12500,989,,,0,4013.58,,,,0,,,0,11800,11800,429,11800,1706,59,9000,888,4013.58,,32,13000,32,,,0,10000,10000,360,13600,636,69,10000,79
PSL,,,5460,5460,4,5460,4258,61,4900,3122,5400,5400,560,5400,1045,34,4600,1517,5000,5000,92,5000,92,,,0,5200,5200,80,5200,3397,12,4910,2267,5000,5000,48,4320,120,24,3000,24,5430,5430,429,5430,1132,50,4300,111
PSM,,,3125.71,3400,8,3290,4677,184,2800,1284,3290,3290,,,0,100,2750,3027,2500,2500,,,0,,,0,4361.49,4400,223,4400,751,250,3000,4583,1299.42,,35,3000,35,,,0,3093.61,3100,73,3100,846,250,2650,1059
PSS,,,1500,1500,120,1700,10301,1602,1500,2602,1626.37,1800,23,1800,2110,1000,1470,6023,450,450,,,0,,,0,1900,1900,1,1950,5921,210,1800,1210,1600,1600,100,3000,100,,,0,1100,1100,2045,1880,3079,371,1100,4215
PT,,,598,598,173,598,30625,20,470,16835,510,510,796,555,34038,170,510,6602,600,600,180,600,1675,,,0,585,585,163,585,40608,5,495,11110,692.81,700,230,700,266,15,600,15,579,579,2638,579,33965,112,578,1153
PWO,,,400,400,321,400,28364,200,375,20453,420,420,50,420,31941,3,410,5605,390,390,129,390,1701,17,281,3017,424,424,157,424,22458,24,410,21991,350,350,351,350,1239,200,300,695,379,379,665,379,16359,100,372,880
QCR,,,1000000,1000000,1,1000000,13,1,800000,1,1080000,1080000,1,999000,11,1,900000,4,850000,850000,,,0,,,0,1190000,1190000,,,0,5,800000,6,365080.83,,,,0,,,0,1300000,1300000,1,1400000,1,1,500000,1
RAD,,,15000,15000,37,15900,399,34,14000,334,15000,15000,58,15000,195,50,13500,77,3700.19,,,,0,,,0,13770.38,14000,26,13900,481,44,13000,367,3700.19,,10,14500,10,,,0,12600,12600,42,16000,42,,,0
RAG,,,550000,550000,1,699000,4,,,0,550000,550000,11,690000,12,1,550000,2,259841.81,,,,0,,,0,569000,569000,5,569000,5,5,480000,5,259841.81,,,,0,,,0,580000,580000,4,650000,8,,,0
RAM,,,3150,3150,70,3110,2344,500,2800,1859,2586.69,2500,30,2800,944,274,2500,1325,1238,,,,0,,,0,2839.44,2700,61,2990,2933,713,2700,2181,1600,1600,10,3000,10,,,0,2500,2500,97,2800,595,463,2500,1463
RAT,32,176,176,176,100,176,1262863,9674,173,792331,176,176,100,176,784852,499,172,146750,176,176,901,176,1401,9950,150,19380,176,176,100,176,822750,200,175,201160,171.73,190,8046,190,8046,2000,150,27224,176,176,100,176,745549,4511,175,588058
RBH,,,19700,19700,2,19700,2618,88,18000,699,20400,20400,154,20400,1340,9,18100,140,22000,22000,2,22000,22,,,0,17500,17500,70,17500,2327,90,17200,1065,25000,25000,8,20000,8,10,10000,10,18000,18000,22,18000,1023,115,17900,288
RCO,400,,1700,1700,910,1700,8264,1841,1500,10232,1550,1550,70,1550,12434,420,1320,2196,1700,1700,120,1400,804,500,1000,500,2290,2290,54,2000,3331,272,1650,3972,1500,1500,160,1450,476,909,900,909,1370,1370,10,1780,1607,52,1370,5532
RCS,,,250000,250000,1,250000,6,1,200000,8,240000,240000,13,240000,13,5,215000,12,93742,,,,0,,,0,225000,225000,2,225000,8,,,0,93742,,,,0,,,0,210000,210000,2,220000,2,1,200000,1
RCT,,,928000,928000,1,927000,7,,,0,930000,930000,2,960000,3,1,500000,3,1000000,1000000,,,0,,,0,990000,990000,2,850000,6,,,0,357974.88,,,,0,,,0,960000,960000,1,979000,1,,,0
RDE,,,38937.5,39000,122,39000,1057,50,32400,635,39900,39900,10,39900,130,50,29100,434,38000,38000,12,55000,12,,,0,39000,39000,69,39000,1126,115,31700,725,50000,50000,57,50000,57,10,15000,10,34500,34500,10,34500,861,50,31100,899
RDL,,,1100000,1100000,10,1380000,13,1,200000,1,998000,998000,2,998000,9,,,0,378869.08,,,,0,,,0,1390000,1390000,1,1390000,3,1,1200000,2,378869.08,,,,0,,,0,1600000,1600000,1,1400000,1,,,0
RDS,,,800000,800000,1,800000,1,,,0,775000,775000,1,800000,1,,,0,208036.57,,,,0,,,0,800000,800000,1,800000,1,,,0,208036.57,,,,0,,,0,800000,800000,1,800000,1,,,0
RE,,,2900,2900,1951,2900,24993,250,1800,827,3700,3700,70,3700,14080,100,2600,200,3000,3000,279,3500,279,,,0,3400,3400,937,3390,38224,100,2800,100,5000,5000,12,4500,3760,,,0,2800,2800,300,4200,10575,,,0
REA,,,1200.31,950,246,1320,8817,191,950,191,1200,1200,49,1200,5611,300,750,300,500,500,17,3000,17,,,0,1146.38,1160,1474,1160,9257,104,985,5199,900,900,400,900,1600,,,0,1075.15,975,40,1390,546,150,975,1963
RED,60000,,60000,60000,200,60200,210,100,60000,100,60000,60000,3,69900,248,100,60000,100,22664.06,,,,0,,,0,60000,60000,12,64900,387,100,60000,100,22664.06,,,,0,,,0,60000,60000,20,66000,20,100,60000,100
REO,,,2000,2000,812,1990,2653,1000,400,1320,2100,2100,52,2190,685,316,2100,416,164.57,,270,2000,270,24,1000,24,400,400,,,0,,,0,2000,2000,,,0,46,2000,46,0.01,0.01,,,0,800000,0.01,800000
REP,,,948,948,114,948,11088,10,842,10395,880,880,226,880,11462,3,820,850,950,950,170,950,970,10,630,10,881,881,2326,881,14338,39,751,20493,700,700,90,700,181,50,620,113,850,850,368,925,10039,54,850,3705
RG,,,1550,1550,672,1700,17540,110,1550,7466,1310,1310,280,2000,5898,450,1310,2170,2090,2090,,,0,,,0,1670,1670,111,1670,11822,650,1340,23313,2500,2500,2,2220,120,,,0,1779.72,1810,290,1770,11426,196,1420,2887
RGO,,,2340,2340,278,2330,1061,500,1650,700,2100,2100,23,2100,892,50,1310,605,794.69,,,,0,,,0,2500,2500,825,2500,3113,200,1690,1420,794.69,,10,2100,10,,,0,2000,2000,60,2000,77,77,1000,77
RHP,,,6990,6990,25,6980,117,36,5200,36,6969.55,7100,47,7000,60,,,0,2754.41,,,,0,,,0,6590,6590,1,6340,623,,,0,2754.41,,,,0,,,0,6941.55,7000,,,0,,,0
ROM,,,5810,5810,72,5810,6216,200,5510,6207,5954.96,5990,97,5990,1336,1000,4600,2011,1901.96,,,,0,,,0,5390,5390,105,5390,2081,300,4850,4235,4500,4500,40,7500,40,,,0,5991.91,5900,122,5900,1261,100,3310,401
RSE,,,29700,29700,41,29700,3351,19,27600,499,35948.87,36000,455,36000,1043,8,28000,507,33000,33000,20,35000,20,,,0,27400,27400,4,27400,1697,265,27300,1794,30000,30000,5,30000,5,10,15000,10,28500,28500,40,28500,933,20,27600,962
RSH,,,40000,40000,711,40000,711,44,30000,458,50000,50000,,,0,,,0,19215.07,,,,0,,,0,22200,22200,,,0,14,22200,54,28000,28000,,,0,,,0,40000,40000,,,0,30,22000,30
RSI,,,1978.24,2000,449,2000,449,300,200,300,1650,1650,27,1650,27,,,0,684.2,,,,0,,,0,2120,2120,452,2120,452,19,722,1034,1150,1150,,,0,,,0,2175.43,2490,13,2480,85,,,0
RTA,,,17000,17000,24,17000,3196,1,16500,985,18900,18900,16,18900,1509,70,16600,308,17300,17300,10,25000,10,,,0,15900,15900,9,15900,1512,11,15500,1344,20000,20000,2,20000,2,10,8000,20,17156.25,17200,86,17200,1013,50,14500,450
S,,,372,372,20,372,4762,5,150,7760,297,297,256,297,3655,296,145,4344,280,280,,,0,,,0,197.31,214,147,210,8448,26,155,19054,145,145,100,190,100,,,0,227.23,201,1041,239,8459,7286,200,12830
SA,,,8088.84,8300,45,8300,111,11,7600,111,8237.37,8300,35,8300,162,,,0,3410.75,,,,0,,,0,8280,8280,1,8280,277,42,7500,124,3410.75,,,,0,,,0,12716.84,15000,100,9990,144,10,7500,20
SAL,,,7100,7100,2,7690,121,57,7100,557,7706.11,7890,3,7890,238,49,7000,49,3410.75,,,,0,,,0,7500,7500,44,7690,724,88,7500,88,3410.75,,,,0,,,0,7500,7500,6,7500,140,28,7000,58
SAR,,,32100,32100,73,32100,2679,4,28500,255,38000,38000,15,38000,1105,10,29100,153,9564.21,,,,0,,,0,34000,34000,4,34900,817,76,30000,269,9564.21,,10,34000,10,,,0,35500,35500,251,35600,715,20,26500,72
SBU,,,43000,43000,156,43000,1156,15,33000,15,43951.17,44000,201,44000,201,15,33000,51,14800.44,,,,0,,,0,35667.04,35700,202,44000,202,8,32000,54,14800.44,,,,0,,,0,36400,36900,150,44000,150,15,30000,15
SC,,,1330,1330,362,1330,10339,12,1000,4394,1340,1340,744,1370,2875,100,1000,159,1600,1600,95,1600,152,100,800,100,1250,1250,2,1250,8068,8,961,2682,2971.12,3000,85,3000,85,5,1200,105,1220,1220,982,1220,6603,30,971,914
SCB,,,110000,110000,9,110000,19,,,0,120000,120000,1,120000,3,,,0,53413.53,,,,0,,,0,160000,160000,1,140000,3,1,50000,1,53413.53,,,,0,,,0,190000,190000,1,100000,4,,,0
SCN,,,3030,3030,92,3030,2460,60,2600,3268,3390,3390,182,3390,2660,50,3100,1609,2500,2500,922,2500,2435,,,0,3790,3790,1,3790,1509,10,2800,2079,2500,2500,135,2500,145,40,1500,40,3730,3730,267,3730,1333,200,2650,437
SCR,82,,450,450,475,440,1827,50,183,3350,161.48,105,731,265,3724,484,105,2570,100,100,,,0,,,0,215,215,50,270,6407,2154,215,12663,150,150,15,144,15,,,0,230.59,300,101,320,6668,1960,300,3972
SDM,,,3400000,3400000,1,3000000,1,,,0,1115816.42,,,,0,,,0,1115816.42,,,,0,,,0,2500000,2500000,,,0,,,0,1115816.42,,,,0,,,0,1115816.42,,,,0,,,0
SDR,100000,,100000,100000,49,102000,129,100,100000,100,100000,100000,103,115000,133,100,100000,100,37717.07,,,,0,,,0,100000,100000,60,130000,60,100,100000,100,37717.07,,,,0,,,0,100000,100000,,,0,100,100000,100
SEA,,,199,199,5764,199,89239,500,150,103525,189.19,190,1235,190,48393,2500,141,111589,155,155,4450,155,9450,,,0,198.16,199,4118,199,62883,112,170,151314,170,170,1058,175,1058,,,0,174,174,853,174,42839,1000,125,109588
SEN,,,814.21,824,5399,824,89393,880,803,38849,740,740,3747,800,35270,1000,650,1500,1300,1300,,,0,50,610,100,814.63,836,1731,836,45274,10000,800,25864,775,775,,,0,,,0,841.42,848,700,845,11089,400,694,6356
SEQ,,,22900,22900,30,24000,50,100,20000,234,23000,23000,,,0,,,0,8481.09,,,,0,,,0,20000,20000,19,20000,56,59,18000,59,8481.09,,,,0,,,0,25000,25000,,,0,10,16000,10
SF,6,18,17.9,17.9,3091,17.9,1230060,500,16.6,1647460,16.9,16.9,18210,16.9,1183029,500,16.5,2659957,18,18,7030,18,112039,,,0,17.9,17.9,94467,17.9,845004,9525,17.7,1565747,18.2,18.2,549,24,33882,1000,17.6,96367,17.9,17.9,4020,17.9,1380738,354,17.8,568111
SFE,,,63614.23,67800,4,67800,51,7,50000,7,60000,60000,10,63000,90,7,60000,7,25136.58,,,,0,,,0,60000,60000,14,69800,59,,,0,25136.58,,,,0,,,0,66000,66000,3,69900,44,,,0
SFK,,,100,100,21951,100,90145,100,90.1,140147,97.2,97.2,3477,97.2,57504,9608,75,116286,75,75,3889,85,6889,,,0,78,78,282,78,239281,20,71,201120,70,70,200,238,200,100,50,100,89.8,89.8,3493,89.8,106592,88,75.2,103568
SFL,,,98500,98500,1,98300,35,,,0,118000,118000,1,109000,39,,,0,39315.27,,,,0,,,0,85000,85000,1,88900,7,,,0,39315.27,,,,0,,,0,11000,11000,1,109000,13,,,0
SI,,,2460,2460,95,2460,22732,50,2320,12880,2356.92,2350,9,2670,12310,500,2260,8644,2000,2000,858,2700,858,,,0,2760,2760,138,2760,25732,490,2300,4231,3000,3000,,,0,39,1000,39,2297.12,2300,43,2300,1597,1998,2120,8877
SIL,,,2800,2800,194,2800,1509,,,0,1500,1500,106,2640,801,201,1500,201,2265.14,,4,10000,4,,,0,2750,2750,809,2750,3111,,,0,2265.14,,10,3500,14,,,0,2050,2050,30,1950,553,20,1600,20
SIO,38,,133,133,1346,133,254336,40,103,37919,139,139,58,139,148826,68,134,13011,190,190,903,145,3841,,,0,140,140,2309,140,145921,20,125,42858,190,190,15000,150,23670,50,100,50,116.27,116,44,115,58241,410,113,24050
SNM,,,110000,110000,10,119000,75,50,110000,110,109000,109000,19,109000,69,,,0,76610.66,,,,0,,,0,115000,115000,4,115000,23,4,114000,104,76610.66,,,,0,,,0,110000,110000,6,120000,6,100000,0.01,100000
SOI,,,725,725,49,800,2138,101,725,2713,825,825,100,840,3546,808,680,3002,450,450,,,0,,,0,880,880,232,880,18061,480,703,10322,550,550,10,744,663,,,0,747.51,748,60,748,5784,18,625,7778
SOL,,,1550,1550,3756,1550,6768,1000,1300,10000,1409.52,1500,12,1450,631,808,1200,5443,446.02,,,,0,,,0,1578.96,1590,125,1580,6439,3000,1450,8843,1200,1200,3,1200,3,,,0,1806.11,1930,,,0,1000,1200,3988
SP,2500,,2793.45,2750,60,2750,8100,100,2500,100,2980,2980,64,2980,2065,96,2510,196,2900,2900,18,2900,160,,,0,2572.28,2600,374,2600,11757,100,2500,110,2560,2560,,,0,,,0,3850,3850,202,3850,1954,14,2850,770
SPT,,,600,600,299,750,299,,,0,600,600,1000,600,5000,,,0,189.33,,,,0,,,0,520,520,100,520,100,,,0,189.33,,,,0,,,0,778.81,780,156,780,24756,,,0
SRD,70000,,82000,82000,5,82000,45,100,70000,100,70000,70000,3,89900,147,100,70000,100,29473.94,,,,0,,,0,70100,70100,60,90000,60,100,70000,100,29473.94,,,,0,,,0,70000,70000,10,90000,10,100,70000,100
SRP,,,13900,13900,87,13900,1670,,,0,17000,17000,547,17000,1118,,,0,7928.26,,,,0,,,0,16900,16900,49,16900,208,100,4000,100,7928.26,,,,0,,,0,20000,20000,48,20000,48,,,0
SSC,,,680.8,698,302,698,7020,200,550,6406,647,647,82,647,1413,50,531,2949,600,600,96,600,2196,,,0,669,669,2711,669,13943,20,570,8707,530,530,57,530,347,,,0,690,690,1089,690,2108,100,670,951
SSL,,,69500,69500,1,69600,20,,,0,69863.64,70000,1,71000,1,2,58000,2,22109.03,,,,0,,,0,66717.24,70000,6,70000,6,,,0,22109.03,,,,0,,,0,80000,80000,1,80000,2,,,0
SST,,,10000000,10000000,2,10000000,2,,,0,3838073.91,,,,0,,,0,3838073.91,,,,0,,,0,10000000,10000000,,,0,,,0,3838073.91,,,,0,,,0,3838073.91,,,,0,,,0
STL,,,2450,2450,111,2450,15416,39,1920,6505,2200,2200,784,2200,10097,403,1910,3055,2300,2300,222,2300,1272,200,1800,200,1850,1850,126,1950,27084,282,1850,3530,2000,2000,63,1950,247,,,0,2244.79,2210,168,2210,7813,136,2070,2553
STR,1750,,2694.32,2690,36,2690,323,500,2300,826,1800,1800,100,2800,300,96,1800,490,2350,2350,180,2000,181,,,0,3200,3200,53,3200,335,200,1800,380,1950,1950,12,2600,22,,,0,2766.48,2620,,,0,40,2650,570
STS,,,193000,193000,5,190000,12,2,17300,4,170000,170000,4,170000,8,,,0,95665.68,,,,0,,,0,176000,176000,1,177000,6,2,17000,2,95665.68,,,,0,,,0,178000,178000,2,178000,13,,,0
SU,,,115000,115000,9,115000,11,,,0,200000,200000,,,0,,,0,112362.03,,,,0,,,0,300000,300000,20,300000,20,,,0,112362.03,,,,0,,,0,112362.03,,,,0,,,0
SUD,100000,,110000,110000,4,110000,34,100,100000,100,100000,100000,3,124000,63,100,100000,100,37979.57,,,,0,,,0,120000,120000,57,120000,57,100,100000,100,37979.57,,,,0,,,0,100000,100000,,,0,100,100000,100
SUN,,,799.73,800,2981,800,4869,684,500,1084,508.99,640,60,640,1030,20,550,1004,475,475,200,1000,200,,,0,720,720,720,720,3210,1000,600,6842,499,499,300,499,500,100,300,100,695.66,690,60,690,2115,20,522,940
SWF,,,199,199,22573,199,255665,553,177,146336,196.34,197,1500,196,112046,1680,179,109649,80.31,,,,0,,,0,180,180,3841,180,130215,20000,175,140000,110,110,1000,400,1000,,,0,177.09,179,9430,179,33729,226,137,107526
TA,,,17439.12,17400,5,17400,853,2,12000,12,15000,15000,113,19000,463,3,15000,335,8409.38,,,,0,50,8000,50,18821.05,12500,13,24000,201,36,12500,245,10400,10400,,,0,1,16000,1,29000,29000,36,27500,42,10,16000,61
TAC,,,150000,150000,1,318000,68,2,15000,2,500000,500000,3,350000,5,,,0,91593.23,,1,350000,1,,,0,550000,550000,2,460000,13,,,0,91593.23,,,,0,,,0,91593.23,,,,0,2,50000,2
TAI,,,703,703,5573,750,10441,729,703,1129,1000,1000,869,1000,8574,40,500,70,121.01,,1000,900,1000,,,0,1115.51,1200,194,1200,6220,181,800,1567,750,750,22,750,84,,,0,950,950,356,950,1739,,,0
TBU,,,67968.81,68000,170,68000,170,15,59000,15,69000,69000,150,69000,150,2,51000,2,22796.04,,,,0,,,0,108000,108000,161,69000,171,15,59000,15,22796.04,,,,0,,,0,69000,69000,190,69000,190,,,0
TC,,,4100,4100,1,7900,839,25,4100,25,7000,7000,158,7400,892,27,7000,204,3848.04,,,,0,,,0,20000,20000,32,20000,316,37,4100,37,7500,7500,10,18000,10,,,0,6500,6500,15,6500,1079,98,2500,98
TCB,,,45000,50000,1,51000,1,,,0,26000,26000,1,26000,2,,,0,9540.45,,,,0,,,0,30000,30000,3,34500,8,,,0,9540.45,,,,0,,,0,29900,29900,1,25500,3,,,0
TCL,,,4200,4200,313,4200,6875,255,3600,7687,3900,3900,191,3900,6685,131,3250,5137,3500,3500,96,3500,429,,,0,3550,3550,965,3750,9078,293,3550,7801,3000,3000,,,0,20,2000,20,3940,3940,60,3930,3335,105,3460,2368
TCO,,,750,750,18,750,5977,100,420,1900,1000,1000,496,1000,2880,50,500,2510,500,500,9490,500,20419,,,0,1270,1270,422,1270,5577,500,416,1270,130,130,93,650,535,,,0,750,750,,,0,16,515,772
TCS,,,4847.3,4990,15,4980,5688,89,4010,1234,5611.44,5400,391,5390,665,100,4100,171,6264.19,6300,94,9000,94,100,5700,100,4218.46,3940,121,5400,639,9,3940,466,4400,4400,50,8000,50,,,0,4890,4890,405,4890,8540,,,0
TCU,,,230000,230000,2,200000,2,10,91100,12,190000,190000,2,200000,2,10,90000,10,69683.38,,,,0,,,0,195000,195000,3,300000,3,10,196000,37,69683.38,,,,0,,,0,250000,250000,,,0,10,96000,15
THF,,,725.95,850,2901,850,2901,320,500,4761,599.72,600,245,715,6490,1500,431,7430,475,475,,,0,,,0,570,570,317,570,26764,562,430,11360,550,550,40,550,40,,,0,506.01,565,496,565,5838,,,0
THP,,,6700,6700,6,6700,2025,63,5130,1063,7040.61,6900,364,8400,727,30,6900,213,2399.04,,,,0,,,0,7000,7000,8,8000,929,184,7000,1271,2399.04,,,,0,,,0,6000,6000,222,8900,411,16,6000,16
TI,,,1930,1930,162,2340,15670,49,1930,2054,2390,2390,1141,2390,9911,1000,1900,2023,2000,2000,478,2400,1523,,,0,2387.35,2390,4,2390,22774,616,1800,4716,2490,2490,76,4000,76,,,0,2686.12,2700,428,2700,3662,275,2110,396
TIO,74,,365,365,1304,365,183633,26,294,15502,300,300,8613,300,20721,500,255,42721,330,330,400,280,2320,,,0,345,345,405,345,54648,400,275,18606,220,220,,,0,,,0,369,369,950,369,1766,200,242,3960
TK,,,31000,31000,160,48000,433,,,0,35500,35000,50,39000,263,20,35000,40,20250.62,,,,0,,,0,38000,38000,10,38000,60,,,0,20250.62,,5,41100,5,,,0,3950,3950,2,38900,9,,,0
TOR,,,900000,900000,12,849000,29,,,0,280650.29,,,,0,,,0,280650.29,,,,0,,,0,1100000,1100000,1,800000,4,,,0,280650.29,,,,0,,,0,400000,400000,,,0,,,0
TPU,,,2450,2450,177,3990,2479,67,2410,802,2500,2500,135,2500,635,,,0,1175.2,,,,0,,,0,4460,4460,10,4460,686,489,2500,489,1000,1000,,,0,,,0,3291.86,3500,188,4100,681,,,0
TRA,,,2034.15,2000,83,2270,1593,,,0,1846.1,1840,48,2650,490,,,0,840.01,,,,0,,,0,1810,1810,473,2150,2831,183,1810,683,840.01,,10,2000,10,,,0,2730,2730,158,2730,293,200,1700,200
TRN,,,520,520,150,520,138141,1000,511,164145,500,500,1492,500,38451,4889,495,122329,600,600,,,0,,,0,510,510,989,510,93814,5000,482,139478,50,50,1000,700,1000,,,0,477.58,477,58,508,29044,1930,477,106224
TRS,,,299666.67,300000,6,300000,6,6,230000,12,290000,290000,,,0,1,220000,1,101058.03,,,,0,,,0,297300,300000,16,300000,619,7,260000,17,101058.03,,,,0,,,0,295000,295000,,,0,8,231000,28
TRU,,,620,620,41,620,9312,352,600,13271,711.27,711,29,797,3749,1179,711,3356,750,750,178,750,178,,,0,640,640,96,640,28805,500,560,19451,550,550,110,550,330,200,500,200,640,640,1968,640,15957,932,619,1042
TS,,,899,899,1569,899,9759,1000,122,2100,100,100,,,0,616,63,2284,74.81,,,,0,,,0,550,550,572,550,1743,100,400,13195,74.81,,10,399,10,,,0,207,207,,,0,93,207,1662
TSH,,,42900,42900,25,42900,1168,5,31600,809,44869.45,49400,207,49400,437,4,39100,79,60000,60000,,,0,,,0,39000,39000,50,39000,473,2,32000,632,40000,40000,9,39000,16,,,0,45035,45000,25,40000,148,1,39000,77
TUB,,,329.69,330,1000,329,13762,231,220,31537,279.17,289,2612,289,11178,400,155,5400,270,270,228,270,646,,,0,270.18,332,60,200,21882,1000,180,27422,170,170,260,170,1544,,,0,341.87,348,400,348,38319,400,155,26989
UTS,3500,,19870.83,19900,15,19900,418,21,5800,3593,8222.13,8250,,,0,8,6800,1424,5400,5400,,,0,,,0,7000,7000,2,7500,385,228,7000,1890,5900,5900,16,6000,16,,,0,6950,6950,8,6950,683,40,6000,1329
VCB,,,799000,799000,1,799000,2,,,0,850000,850000,1,878000,2,,,0,350872.81,,,,0,,,0,839000,839000,1,839000,3,,,0,350872.81,,,,0,,,0,896000,896000,1,896000,4,,,0
VEG,88,,321,321,13,321,28094,750,320,27491,419,419,345,419,13175,763,410,12551,400,400,,,0,,,0,351,351,8,434,12278,38,351,14962,335,335,840,375,840,303,335,970,399,399,123,399,19177,200,342,33467
VF,,,19.9,19.9,1000,19.8,2324508,100000,15,100000,22,22,6536,22,148997,100000,15.1,200000,16.14,,18763,24,18763,,,0,15,15,85000,19.4,643459,84000,15,84000,24,24,90000,24,90000,,,0,15.77,15,29931,17.4,956536,41000,15,41000
VFT,,,2600000,2600000,1,2600000,1,,,0,2600000,2600000,,,0,,,0,1029499.45,,,,0,,,0,2400000,2400000,,,0,,,0,1029499.45,,,,0,,,0,1029499.45,,,,0,,,0
VG,,,2890,2890,86,2890,2129,60,1810,2183,2120,2120,168,2120,6612,37,1810,667,2190,2190,90,2190,250,,,0,2439.29,2480,249,2480,2211,143,1900,1543,2400,2400,17,2400,217,,,0,2380,2380,26,2380,7857,30,2260,2154
VIT,,,585.83,560,376,1080,7779,841,560,1895,785,785,18012,785,18012,500,400,500,324.66,,,,0,,,0,982.9,987,450,986,686,,,0,740,740,,,0,,,0,1120.55,1200,,,0,4,800,33
VOE,,,5400000,5400000,,,0,,,0,2949036.32,,1,6000000,1,,,0,2949036.32,,,,0,,,0,5000000,5000000,,,0,,,0,2949036.32,,,,0,,,0,2949036.32,,,,0,,,0
VOR,,,2553164.39,,,,0,,,0,2553164.39,,,,0,,,0,2553164.39,,,,0,,,0,2553164.39,,1,4420000,1,,,0,2518066.46,,,,0,,,0,2553164.39,,,,0,,,0
VSC,,,50000,50000,1,40000,4,,,0,50000,50000,1,50000,1,,,0,15937.35,,,,0,,,0,54800,54800,1,54400,6,,,0,15937.35,,,,0,,,0,50000,50000,1,40000,2,,,0
W,,,16900,16900,31,16900,3136,30,15200,11362,16981.52,18400,10,17000,1979,200,16000,851,6250.14,,,,0,,,0,17176.75,17500,98,17500,1960,500,15300,1771,8900,8900,,,0,10,8000,10,16900,16900,172,16900,848,39,15200,604
WAI,,,95500,95500,45,95500,615,88,91000,251,91723.63,93000,13,93000,329,20,92000,80,100000,100000,37,100000,248,,,0,96000,96000,33,96000,688,20,90600,170,51930.23,,,,0,,,0,90000,90000,46,94000,171,99,90000,200099
WAL,,,7990.94,7990,191,7990,2829,10,6510,2212,6300,6300,40,7500,1542,479,6300,1549,2800.33,,,,0,,,0,9131.41,9000,12,8990,8185,44,6500,444,2800.33,,,,0,,,0,9500,9500,76,9500,76,,,0
WCB,,,960000,960000,3,930000,18,1,402000,2,800000,800000,2,939000,7,,,0,347832.93,,,,0,,,0,870000,870000,2,871000,29,1,500000,4,347832.93,,,,0,,,0,790000,790000,3,940000,4,1,300000,2
WIN,,,9000,9000,138,14500,1712,30,7830,4547,9890,9890,306,9890,809,2000,7600,3787,10000,10000,60,12000,73,,,0,9590,9590,51,9600,4933,2000,7600,5203,12000,12000,2,6480,22,,,0,9500,9500,4,9500,915,1000,7010,5931
WM,,,11000,11000,264,13000,313,80,11000,99,12900,12900,19,12900,54,8,10000,9,6821.51,,,,0,,,0,12000,12000,56,12000,243,82,11000,192,6821.51,,,,0,,,0,11000,11000,,,0,,,0
WOR,,,230000,230000,,,0,,,0,187935.04,220000,,,0,10,160000,10,83894.73,,1,200000,1,,,0,200000,200000,,,0,,,0,83894.73,,,,0,,,0,150000,150000,,,0,,,0
WR,140000,,190000,190000,10,155000,18,5,150000,110,150000,150000,2,150000,2,100,140000,100,78235.62,,,,0,,,0,140000,140000,1,150000,3,100,140000,100,78235.62,,,,0,,,0,150000,150000,,,0,100,140000,100
WRH,,,7800,7800,1336,7800,1904,10,6000,190,10900,10900,736,10900,2589,,,0,3393.95,,,,0,,,0,10019.9,9990,15,9990,2539,40,8100,806,3393.95,,,,0,,,0,9676.1,9970,545,9970,1784,,,0
WS,,,5820,5820,95,5820,938,19,5700,19,4880,4880,7,4880,220,1,3360,275,6000,6000,60,5200,64,,,0,4385.35,4800,10,4800,2112,100,3900,1119,2599.57,,20,5000,166,,,0,5150,5150,136,5150,626,50,3050,260
ZIR,,,500,500,475,500,19508,30,250,1896,481.34,440,43,540,13777,468,440,1968,117.55,,552,800,552,,,0,678,678,3105,678,24032,50,501,6550,648,648,20,780,20,,,0,600,600,458,600,6175,4,325,1504
ZR,,,16200,16200,198,16200,491,4,12000,84,17000,17000,446,17000,487,200,14200,300,7683.92,,,,0,,,0,16900,16900,106,16900,308,100,14000,270,15200,15200,10,35000,10,,,0,14582.01,16500,34,16500,166,104,13500,164
